2026-06-05 16:09:23 [main] INFO  com.tecskool.listeners.TestListener - Test Suite 'Login Tests' execution started.
2026-06-05 16:09:23 [main] INFO  com.tecskool.base.BaseTest - Setting up test execution...
2026-06-05 16:09:23 [main] INFO  com.tecskool.utils.ConfigReader - Loaded config.properties successfully from classpath
2026-06-05 16:09:23 [main] INFO  com.tecskool.factory.DriverFactory - Initializing WebDriver for browser: chrome
2026-06-05 16:09:24 [main] INFO  com.tecskool.factory.DriverFactory - WebDriver initialized successfully with 10 seconds implicit wait
2026-06-05 16:09:24 [main] INFO  com.tecskool.base.BaseTest - Opening URL: https://practice.tecskool.com/
2026-06-05 16:09:25 [main] INFO  com.tecskool.listeners.TestListener - Running test method: testValidLogin
2026-06-05 16:09:25 [main] INFO  com.tecskool.tests.LoginTest - Executing testValidLogin...
2026-06-05 16:09:25 [main] INFO  com.tecskool.base.BasePage - Typing 'learning@tecskool.com' in element: By.id: username
2026-06-05 16:09:26 [main] INFO  com.tecskool.base.BasePage - Typing 'tecskool123' in element: By.id: password
2026-06-05 16:09:26 [main] INFO  com.tecskool.base.BasePage - Clicking on element: By.id: login-button
2026-06-05 16:09:26 [main] INFO  com.tecskool.tests.LoginTest - Asserting that logout button is visible on the dashboard...
2026-06-05 16:09:26 [main] INFO  com.tecskool.base.BasePage - Checking visibility of element: By.id: logout-btn
2026-06-05 16:09:26 [main] INFO  com.tecskool.tests.LoginTest - testValidLogin passed.
2026-06-05 16:09:26 [main] INFO  com.tecskool.listeners.TestListener - Test method 'testValidLogin' PASSED.
2026-06-05 16:09:26 [main] INFO  com.tecskool.base.BaseTest - Tearing down test execution...
2026-06-05 16:09:26 [main] INFO  com.tecskool.factory.DriverFactory - WebDriver quit successfully
2026-06-05 16:09:26 [main] INFO  com.tecskool.base.BaseTest - Setting up test execution...
2026-06-05 16:09:26 [main] INFO  com.tecskool.factory.DriverFactory - Initializing WebDriver for browser: chrome
2026-06-05 16:09:27 [main] INFO  com.tecskool.factory.DriverFactory - WebDriver initialized successfully with 10 seconds implicit wait
2026-06-05 16:09:27 [main] INFO  com.tecskool.base.BaseTest - Opening URL: https://practice.tecskool.com/
2026-06-05 16:09:28 [main] INFO  com.tecskool.listeners.TestListener - Running test method: testInvalidLogin
2026-06-05 16:09:28 [main] INFO  com.tecskool.tests.LoginTest - Executing testInvalidLogin...
2026-06-05 16:09:28 [main] INFO  com.tecskool.base.BasePage - Typing 'invalid_user@tecskool.com' in element: By.id: username
2026-06-05 16:09:28 [main] INFO  com.tecskool.base.BasePage - Typing 'invalid_password' in element: By.id: password
2026-06-05 16:09:28 [main] INFO  com.tecskool.base.BasePage - Clicking on element: By.id: login-button
2026-06-05 16:09:28 [main] INFO  com.tecskool.tests.LoginTest - Asserting that the error message text matches...
2026-06-05 16:09:28 [main] INFO  com.tecskool.base.BasePage - Getting text from element: By.id: error-message
2026-06-05 16:09:28 [main] INFO  com.tecskool.tests.LoginTest - testInvalidLogin passed.
2026-06-05 16:09:28 [main] INFO  com.tecskool.listeners.TestListener - Test method 'testInvalidLogin' PASSED.
2026-06-05 16:09:28 [main] INFO  com.tecskool.base.BaseTest - Tearing down test execution...
2026-06-05 16:09:28 [main] INFO  com.tecskool.factory.DriverFactory - WebDriver quit successfully
2026-06-05 16:09:28 [main] INFO  com.tecskool.listeners.TestListener - Test Suite 'Login Tests' execution completed. Writing report...
2026-06-05 16:25:40 [main] INFO  com.tecskool.listeners.TestListener - Test Suite 'Login Tests' execution started.
2026-06-05 16:25:40 [main] INFO  com.tecskool.base.BaseTest - Setting up test execution...
2026-06-05 16:25:40 [main] INFO  com.tecskool.utils.ConfigReader - Loaded config.properties successfully from classpath
2026-06-05 16:25:40 [main] INFO  com.tecskool.factory.DriverFactory - Initializing WebDriver for browser: chrome
2026-06-05 16:25:41 [main] INFO  com.tecskool.factory.DriverFactory - WebDriver initialized successfully with 10 seconds implicit wait
2026-06-05 16:25:41 [main] INFO  com.tecskool.base.BaseTest - Opening URL: https://practice.tecskool.com/
2026-06-05 16:25:42 [main] INFO  com.tecskool.listeners.TestListener - Running test method: testValidLogin
2026-06-05 16:25:42 [main] INFO  com.tecskool.tests.LoginTest - Executing testValidLogin...
2026-06-05 16:25:42 [main] INFO  com.tecskool.base.BasePage - Typing 'learning@tecskool.com' in element: By.id: username
2026-06-05 16:25:42 [main] INFO  com.tecskool.base.BasePage - Typing 'tecskool123' in element: By.id: password
2026-06-05 16:25:42 [main] INFO  com.tecskool.base.BasePage - Clicking on element: By.id: login-button
2026-06-05 16:25:42 [main] INFO  com.tecskool.tests.LoginTest - Asserting that logout button is visible on the dashboard...
2026-06-05 16:25:42 [main] INFO  com.tecskool.base.BasePage - Checking visibility of element: By.id: logout-btn
2026-06-05 16:25:43 [main] INFO  com.tecskool.tests.LoginTest - testValidLogin passed.
2026-06-05 16:25:43 [main] INFO  com.tecskool.listeners.TestListener - Test method 'testValidLogin' PASSED.
2026-06-05 16:25:43 [main] INFO  com.tecskool.base.BaseTest - Tearing down test execution...
2026-06-05 16:25:43 [main] INFO  com.tecskool.factory.DriverFactory - WebDriver quit successfully
2026-06-05 16:25:43 [main] INFO  com.tecskool.base.BaseTest - Setting up test execution...
2026-06-05 16:25:43 [main] INFO  com.tecskool.factory.DriverFactory - Initializing WebDriver for browser: chrome
2026-06-05 16:25:43 [main] INFO  com.tecskool.factory.DriverFactory - WebDriver initialized successfully with 10 seconds implicit wait
2026-06-05 16:25:43 [main] INFO  com.tecskool.base.BaseTest - Opening URL: https://practice.tecskool.com/
2026-06-05 16:25:44 [main] INFO  com.tecskool.listeners.TestListener - Running test method: testInvalidLogin
2026-06-05 16:25:44 [main] INFO  com.tecskool.tests.LoginTest - Executing testInvalidLogin...
2026-06-05 16:25:44 [main] INFO  com.tecskool.base.BasePage - Typing 'invalid_user@tecskool.com' in element: By.id: username
2026-06-05 16:25:44 [main] INFO  com.tecskool.base.BasePage - Typing 'invalid_password' in element: By.id: password
2026-06-05 16:25:45 [main] INFO  com.tecskool.base.BasePage - Clicking on element: By.id: login-button
2026-06-05 16:25:45 [main] INFO  com.tecskool.tests.LoginTest - Asserting that the error message text matches...
2026-06-05 16:25:45 [main] INFO  com.tecskool.base.BasePage - Getting text from element: By.id: error-message
2026-06-05 16:25:45 [main] INFO  com.tecskool.tests.LoginTest - testInvalidLogin passed.
2026-06-05 16:25:45 [main] INFO  com.tecskool.listeners.TestListener - Test method 'testInvalidLogin' PASSED.
2026-06-05 16:25:45 [main] INFO  com.tecskool.base.BaseTest - Tearing down test execution...
2026-06-05 16:25:45 [main] INFO  com.tecskool.factory.DriverFactory - WebDriver quit successfully
2026-06-05 16:25:45 [main] INFO  com.tecskool.listeners.TestListener - Test Suite 'Login Tests' execution completed. Writing report...
2026-06-05 16:54:40 [main] INFO  com.tecskool.listeners.TestListener - Test Suite 'Login Tests' execution started.
2026-06-05 16:54:40 [main] INFO  com.tecskool.base.BaseTest - Setting up test execution...
2026-06-05 16:54:40 [main] INFO  com.tecskool.utils.ConfigReader - Loaded config.properties successfully from classpath
2026-06-05 16:54:40 [main] INFO  com.tecskool.factory.DriverFactory - Initializing WebDriver for browser: chrome
2026-06-05 16:54:42 [main] INFO  com.tecskool.factory.DriverFactory - WebDriver initialized successfully with 10 seconds implicit wait
2026-06-05 16:54:42 [main] INFO  com.tecskool.base.BaseTest - Opening URL: https://practice.tecskool.com/
2026-06-05 16:54:43 [main] INFO  com.tecskool.listeners.TestListener - Running test method: testValidLogin
2026-06-05 16:54:43 [main] INFO  com.tecskool.tests.LoginTest - Executing testValidLogin...
2026-06-05 16:54:43 [main] INFO  com.tecskool.base.BasePage - Typing 'learning@tecskool.com' in element: By.id: username
2026-06-05 16:54:43 [main] INFO  com.tecskool.base.BasePage - Typing 'tecskool123' in element: By.id: password
2026-06-05 16:54:43 [main] INFO  com.tecskool.base.BasePage - Clicking on element: By.id: login-button
2026-06-05 16:54:43 [main] INFO  com.tecskool.tests.LoginTest - Asserting that logout button is visible on the dashboard...
2026-06-05 16:54:43 [main] INFO  com.tecskool.base.BasePage - Checking visibility of element: By.id: logout-btn
2026-06-05 16:54:43 [main] INFO  com.tecskool.tests.LoginTest - testValidLogin passed.
2026-06-05 16:54:43 [main] INFO  com.tecskool.listeners.TestListener - Test method 'testValidLogin' PASSED.
2026-06-05 16:54:43 [main] INFO  com.tecskool.base.BaseTest - Tearing down test execution...
2026-06-05 16:54:43 [main] INFO  com.tecskool.factory.DriverFactory - WebDriver quit successfully
2026-06-05 16:54:43 [main] INFO  com.tecskool.base.BaseTest - Setting up test execution...
2026-06-05 16:54:43 [main] INFO  com.tecskool.factory.DriverFactory - Initializing WebDriver for browser: chrome
2026-06-05 16:54:44 [main] INFO  com.tecskool.factory.DriverFactory - WebDriver initialized successfully with 10 seconds implicit wait
2026-06-05 16:54:44 [main] INFO  com.tecskool.base.BaseTest - Opening URL: https://practice.tecskool.com/
2026-06-05 16:54:45 [main] INFO  com.tecskool.listeners.TestListener - Running test method: testInvalidLogin
2026-06-05 16:54:45 [main] INFO  com.tecskool.tests.LoginTest - Executing testInvalidLogin...
2026-06-05 16:54:45 [main] INFO  com.tecskool.base.BasePage - Typing 'invalid_user@tecskool.com' in element: By.id: username
2026-06-05 16:54:45 [main] INFO  com.tecskool.base.BasePage - Typing 'invalid_password' in element: By.id: password
2026-06-05 16:54:45 [main] INFO  com.tecskool.base.BasePage - Clicking on element: By.id: login-button
2026-06-05 16:54:45 [main] INFO  com.tecskool.tests.LoginTest - Asserting that the error message text matches...
2026-06-05 16:54:45 [main] INFO  com.tecskool.base.BasePage - Getting text from element: By.id: error-message
2026-06-05 16:54:45 [main] INFO  com.tecskool.tests.LoginTest - testInvalidLogin passed.
2026-06-05 16:54:45 [main] INFO  com.tecskool.listeners.TestListener - Test method 'testInvalidLogin' PASSED.
2026-06-05 16:54:45 [main] INFO  com.tecskool.base.BaseTest - Tearing down test execution...
2026-06-05 16:54:46 [main] INFO  com.tecskool.factory.DriverFactory - WebDriver quit successfully
2026-06-05 16:54:46 [main] INFO  com.tecskool.base.BaseTest - Setting up test execution...
2026-06-05 16:54:46 [main] INFO  com.tecskool.factory.DriverFactory - Initializing WebDriver for browser: chrome
2026-06-05 16:54:46 [main] INFO  com.tecskool.factory.DriverFactory - WebDriver initialized successfully with 10 seconds implicit wait
2026-06-05 16:54:46 [main] INFO  com.tecskool.base.BaseTest - Opening URL: https://practice.tecskool.com/
2026-06-05 16:54:47 [main] INFO  com.tecskool.listeners.TestListener - Running test method: testPersonalInformationForm
2026-06-05 16:54:47 [main] INFO  com.tecskool.tests.PersonalInfoPageTest - Starting testPersonalInformationForm...
2026-06-05 16:54:47 [main] INFO  com.tecskool.base.BasePage - Typing 'learning@tecskool.com' in element: By.id: username
2026-06-05 16:54:47 [main] INFO  com.tecskool.base.BasePage - Typing 'tecskool123' in element: By.id: password
2026-06-05 16:54:47 [main] INFO  com.tecskool.base.BasePage - Clicking on element: By.id: login-button
2026-06-05 16:54:48 [main] INFO  com.tecskool.tests.PersonalInfoPageTest - Entering personal details: Name='Jane Doe', DOB='1990-12-12', Email='jane.doe@example.com'
2026-06-05 16:54:48 [main] INFO  com.tecskool.base.BasePage - Typing 'Jane Doe' in element: By.id: full-name
2026-06-05 16:54:48 [main] INFO  com.tecskool.base.BasePage - Typing '1990-12-12' in element: By.id: dob
2026-06-05 16:54:48 [main] INFO  com.tecskool.base.BasePage - Typing 'jane.doe@example.com' in element: By.id: email
2026-06-05 16:54:48 [main] INFO  com.tecskool.tests.PersonalInfoPageTest - Verifying form values...
2026-06-05 16:54:48 [main] INFO  com.tecskool.base.BasePage - Getting attribute 'value' from element: By.id: full-name
2026-06-05 16:54:48 [main] INFO  com.tecskool.base.BasePage - Getting attribute 'value' from element: By.id: dob
2026-06-05 16:54:48 [main] ERROR com.tecskool.listeners.TestListener - Test method 'testPersonalInformationForm' FAILED. Exception: java.lang.AssertionError: Date of Birth value mismatch! expected [1990-12-12] but found [1212-12-09]
2026-06-05 16:54:48 [main] INFO  com.tecskool.utils.ScreenshotUtils - Screenshot saved for test 'testPersonalInformationForm' at: C:\Users\Yashna\Desktop\Selenium Antigravity\screenshots\testPersonalInformationForm_20260605_165448.png
2026-06-05 16:54:48 [main] INFO  com.tecskool.listeners.TestListener - Screenshot successfully linked to Extent Report.
2026-06-05 16:54:48 [main] INFO  com.tecskool.base.BaseTest - Tearing down test execution...
2026-06-05 16:54:48 [main] INFO  com.tecskool.factory.DriverFactory - WebDriver quit successfully
2026-06-05 16:54:48 [main] INFO  com.tecskool.listeners.TestListener - Test Suite 'Login Tests' execution completed. Writing report...
2026-06-05 16:55:03 [main] INFO  com.tecskool.listeners.TestListener - Test Suite 'Login Tests' execution started.
2026-06-05 16:55:03 [main] INFO  com.tecskool.base.BaseTest - Setting up test execution...
2026-06-05 16:55:03 [main] INFO  com.tecskool.utils.ConfigReader - Loaded config.properties successfully from classpath
2026-06-05 16:55:03 [main] INFO  com.tecskool.factory.DriverFactory - Initializing WebDriver for browser: chrome
2026-06-05 16:55:05 [main] INFO  com.tecskool.factory.DriverFactory - WebDriver initialized successfully with 10 seconds implicit wait
2026-06-05 16:55:05 [main] INFO  com.tecskool.base.BaseTest - Opening URL: https://practice.tecskool.com/
2026-06-05 16:55:05 [main] INFO  com.tecskool.listeners.TestListener - Running test method: testValidLogin
2026-06-05 16:55:05 [main] INFO  com.tecskool.tests.LoginTest - Executing testValidLogin...
2026-06-05 16:55:05 [main] INFO  com.tecskool.base.BasePage - Typing 'learning@tecskool.com' in element: By.id: username
2026-06-05 16:55:06 [main] INFO  com.tecskool.base.BasePage - Typing 'tecskool123' in element: By.id: password
2026-06-05 16:55:06 [main] INFO  com.tecskool.base.BasePage - Clicking on element: By.id: login-button
2026-06-05 16:55:06 [main] INFO  com.tecskool.tests.LoginTest - Asserting that logout button is visible on the dashboard...
2026-06-05 16:55:06 [main] INFO  com.tecskool.base.BasePage - Checking visibility of element: By.id: logout-btn
2026-06-05 16:55:06 [main] INFO  com.tecskool.tests.LoginTest - testValidLogin passed.
2026-06-05 16:55:06 [main] INFO  com.tecskool.listeners.TestListener - Test method 'testValidLogin' PASSED.
2026-06-05 16:55:06 [main] INFO  com.tecskool.base.BaseTest - Tearing down test execution...
2026-06-05 16:55:06 [main] INFO  com.tecskool.factory.DriverFactory - WebDriver quit successfully
2026-06-05 16:55:06 [main] INFO  com.tecskool.base.BaseTest - Setting up test execution...
2026-06-05 16:55:06 [main] INFO  com.tecskool.factory.DriverFactory - Initializing WebDriver for browser: chrome
2026-06-05 16:55:07 [main] INFO  com.tecskool.factory.DriverFactory - WebDriver initialized successfully with 10 seconds implicit wait
2026-06-05 16:55:07 [main] INFO  com.tecskool.base.BaseTest - Opening URL: https://practice.tecskool.com/
2026-06-05 16:55:08 [main] INFO  com.tecskool.listeners.TestListener - Running test method: testInvalidLogin
2026-06-05 16:55:08 [main] INFO  com.tecskool.tests.LoginTest - Executing testInvalidLogin...
2026-06-05 16:55:08 [main] INFO  com.tecskool.base.BasePage - Typing 'invalid_user@tecskool.com' in element: By.id: username
2026-06-05 16:55:08 [main] INFO  com.tecskool.base.BasePage - Typing 'invalid_password' in element: By.id: password
2026-06-05 16:55:08 [main] INFO  com.tecskool.base.BasePage - Clicking on element: By.id: login-button
2026-06-05 16:55:08 [main] INFO  com.tecskool.tests.LoginTest - Asserting that the error message text matches...
2026-06-05 16:55:08 [main] INFO  com.tecskool.base.BasePage - Getting text from element: By.id: error-message
2026-06-05 16:55:08 [main] INFO  com.tecskool.tests.LoginTest - testInvalidLogin passed.
2026-06-05 16:55:08 [main] INFO  com.tecskool.listeners.TestListener - Test method 'testInvalidLogin' PASSED.
2026-06-05 16:55:08 [main] INFO  com.tecskool.base.BaseTest - Tearing down test execution...
2026-06-05 16:55:08 [main] INFO  com.tecskool.factory.DriverFactory - WebDriver quit successfully
2026-06-05 16:55:08 [main] INFO  com.tecskool.base.BaseTest - Setting up test execution...
2026-06-05 16:55:08 [main] INFO  com.tecskool.factory.DriverFactory - Initializing WebDriver for browser: chrome
2026-06-05 16:55:09 [main] INFO  com.tecskool.factory.DriverFactory - WebDriver initialized successfully with 10 seconds implicit wait
2026-06-05 16:55:09 [main] INFO  com.tecskool.base.BaseTest - Opening URL: https://practice.tecskool.com/
2026-06-05 16:55:10 [main] INFO  com.tecskool.listeners.TestListener - Running test method: testPersonalInformationForm
2026-06-05 16:55:10 [main] INFO  com.tecskool.tests.PersonalInfoPageTest - Starting testPersonalInformationForm...
2026-06-05 16:55:10 [main] INFO  com.tecskool.base.BasePage - Typing 'learning@tecskool.com' in element: By.id: username
2026-06-05 16:55:10 [main] INFO  com.tecskool.base.BasePage - Typing 'tecskool123' in element: By.id: password
2026-06-05 16:55:10 [main] INFO  com.tecskool.base.BasePage - Clicking on element: By.id: login-button
2026-06-05 16:55:11 [main] INFO  com.tecskool.tests.PersonalInfoPageTest - Entering personal details: Name='Jane Doe', DOB='12/12/1990', Email='jane.doe@example.com'
2026-06-05 16:55:11 [main] INFO  com.tecskool.base.BasePage - Typing 'Jane Doe' in element: By.id: full-name
2026-06-05 16:55:11 [main] INFO  com.tecskool.base.BasePage - Typing '12/12/1990' in element: By.id: dob
2026-06-05 16:55:11 [main] INFO  com.tecskool.base.BasePage - Typing 'jane.doe@example.com' in element: By.id: email
2026-06-05 16:55:11 [main] INFO  com.tecskool.tests.PersonalInfoPageTest - Verifying form values...
2026-06-05 16:55:11 [main] INFO  com.tecskool.base.BasePage - Getting attribute 'value' from element: By.id: full-name
2026-06-05 16:55:11 [main] INFO  com.tecskool.base.BasePage - Getting attribute 'value' from element: By.id: dob
2026-06-05 16:55:11 [main] INFO  com.tecskool.base.BasePage - Getting attribute 'value' from element: By.id: email
2026-06-05 16:55:11 [main] INFO  com.tecskool.tests.PersonalInfoPageTest - testPersonalInformationForm completed successfully.
2026-06-05 16:55:11 [main] INFO  com.tecskool.listeners.TestListener - Test method 'testPersonalInformationForm' PASSED.
2026-06-05 16:55:11 [main] INFO  com.tecskool.base.BaseTest - Tearing down test execution...
2026-06-05 16:55:11 [main] INFO  com.tecskool.factory.DriverFactory - WebDriver quit successfully
2026-06-05 16:55:11 [main] INFO  com.tecskool.listeners.TestListener - Test Suite 'Login Tests' execution completed. Writing report...
2026-06-05 17:01:43 [main] INFO  com.tecskool.listeners.TestListener - Test Suite 'Login Tests' execution started.
2026-06-05 17:01:43 [main] INFO  com.tecskool.base.BaseTest - Setting up test execution...
2026-06-05 17:01:43 [main] INFO  com.tecskool.utils.ConfigReader - Loaded config.properties successfully from classpath
2026-06-05 17:01:43 [main] INFO  com.tecskool.factory.DriverFactory - Initializing WebDriver for browser: chrome
2026-06-05 17:01:45 [main] INFO  com.tecskool.factory.DriverFactory - WebDriver initialized successfully with 10 seconds implicit wait
2026-06-05 17:01:45 [main] INFO  com.tecskool.base.BaseTest - Opening URL: https://practice.tecskool.com/
2026-06-05 17:01:46 [main] INFO  com.tecskool.listeners.TestListener - Running test method: testValidLogin
2026-06-05 17:01:46 [main] INFO  com.tecskool.tests.LoginTest - Executing testValidLogin...
2026-06-05 17:01:46 [main] INFO  com.tecskool.base.BasePage - Typing 'learning@tecskool.com' in element: By.id: username
2026-06-05 17:01:46 [main] INFO  com.tecskool.base.BasePage - Typing 'tecskool123' in element: By.id: password
2026-06-05 17:01:46 [main] INFO  com.tecskool.base.BasePage - Clicking on element: By.id: login-button
2026-06-05 17:01:46 [main] INFO  com.tecskool.tests.LoginTest - Asserting that logout button is visible on the dashboard...
2026-06-05 17:01:46 [main] INFO  com.tecskool.base.BasePage - Checking visibility of element: By.id: logout-btn
2026-06-05 17:01:46 [main] INFO  com.tecskool.tests.LoginTest - testValidLogin passed.
2026-06-05 17:01:46 [main] INFO  com.tecskool.listeners.TestListener - Test method 'testValidLogin' PASSED.
2026-06-05 17:01:46 [main] INFO  com.tecskool.base.BaseTest - Tearing down test execution...
2026-06-05 17:01:46 [main] INFO  com.tecskool.factory.DriverFactory - WebDriver quit successfully
2026-06-05 17:01:46 [main] INFO  com.tecskool.base.BaseTest - Setting up test execution...
2026-06-05 17:01:46 [main] INFO  com.tecskool.factory.DriverFactory - Initializing WebDriver for browser: chrome
2026-06-05 17:01:47 [main] INFO  com.tecskool.factory.DriverFactory - WebDriver initialized successfully with 10 seconds implicit wait
2026-06-05 17:01:47 [main] INFO  com.tecskool.base.BaseTest - Opening URL: https://practice.tecskool.com/
2026-06-05 17:01:48 [main] INFO  com.tecskool.listeners.TestListener - Running test method: testInvalidLogin
2026-06-05 17:01:48 [main] INFO  com.tecskool.tests.LoginTest - Executing testInvalidLogin...
2026-06-05 17:01:48 [main] INFO  com.tecskool.base.BasePage - Typing 'invalid_user@tecskool.com' in element: By.id: username
2026-06-05 17:01:48 [main] INFO  com.tecskool.base.BasePage - Typing 'invalid_password' in element: By.id: password
2026-06-05 17:01:48 [main] INFO  com.tecskool.base.BasePage - Clicking on element: By.id: login-button
2026-06-05 17:01:48 [main] INFO  com.tecskool.tests.LoginTest - Asserting that the error message text matches...
2026-06-05 17:01:48 [main] INFO  com.tecskool.base.BasePage - Getting text from element: By.id: error-message
2026-06-05 17:01:48 [main] INFO  com.tecskool.tests.LoginTest - testInvalidLogin passed.
2026-06-05 17:01:48 [main] INFO  com.tecskool.listeners.TestListener - Test method 'testInvalidLogin' PASSED.
2026-06-05 17:01:48 [main] INFO  com.tecskool.base.BaseTest - Tearing down test execution...
2026-06-05 17:01:48 [main] INFO  com.tecskool.factory.DriverFactory - WebDriver quit successfully
2026-06-05 17:01:48 [main] INFO  com.tecskool.base.BaseTest - Setting up test execution...
2026-06-05 17:01:48 [main] INFO  com.tecskool.factory.DriverFactory - Initializing WebDriver for browser: chrome
2026-06-05 17:01:49 [main] INFO  com.tecskool.factory.DriverFactory - WebDriver initialized successfully with 10 seconds implicit wait
2026-06-05 17:01:49 [main] INFO  com.tecskool.base.BaseTest - Opening URL: https://practice.tecskool.com/
2026-06-05 17:01:50 [main] INFO  com.tecskool.listeners.TestListener - Running test method: testPersonalInformationForm
2026-06-05 17:01:50 [main] INFO  com.tecskool.tests.PersonalInfoPageTest - Starting testPersonalInformationForm...
2026-06-05 17:01:50 [main] INFO  com.tecskool.base.BasePage - Typing 'learning@tecskool.com' in element: By.id: username
2026-06-05 17:01:50 [main] INFO  com.tecskool.base.BasePage - Typing 'tecskool123' in element: By.id: password
2026-06-05 17:01:50 [main] INFO  com.tecskool.base.BasePage - Clicking on element: By.id: login-button
2026-06-05 17:01:50 [main] INFO  com.tecskool.tests.PersonalInfoPageTest - Entering personal details: Name='Jane Doe', DOB='12/12/1990', Email='jane.doe@example.com'
2026-06-05 17:01:50 [main] INFO  com.tecskool.base.BasePage - Typing 'Jane Doe' in element: By.id: full-name
2026-06-05 17:01:50 [main] INFO  com.tecskool.base.BasePage - Typing '12/12/1990' in element: By.id: dob
2026-06-05 17:01:51 [main] INFO  com.tecskool.base.BasePage - Typing 'jane.doe@example.com' in element: By.id: email
2026-06-05 17:01:51 [main] INFO  com.tecskool.tests.PersonalInfoPageTest - Verifying form values...
2026-06-05 17:01:51 [main] INFO  com.tecskool.base.BasePage - Getting attribute 'value' from element: By.id: full-name
2026-06-05 17:01:51 [main] INFO  com.tecskool.base.BasePage - Getting attribute 'value' from element: By.id: dob
2026-06-05 17:01:51 [main] INFO  com.tecskool.base.BasePage - Getting attribute 'value' from element: By.id: email
2026-06-05 17:01:51 [main] INFO  com.tecskool.tests.PersonalInfoPageTest - testPersonalInformationForm completed successfully.
2026-06-05 17:01:51 [main] INFO  com.tecskool.listeners.TestListener - Test method 'testPersonalInformationForm' PASSED.
2026-06-05 17:01:51 [main] INFO  com.tecskool.base.BaseTest - Tearing down test execution...
2026-06-05 17:01:51 [main] INFO  com.tecskool.factory.DriverFactory - WebDriver quit successfully
2026-06-05 17:01:51 [main] INFO  com.tecskool.base.BaseTest - Setting up test execution...
2026-06-05 17:01:51 [main] INFO  com.tecskool.factory.DriverFactory - Initializing WebDriver for browser: chrome
2026-06-05 17:01:52 [main] INFO  com.tecskool.factory.DriverFactory - WebDriver initialized successfully with 10 seconds implicit wait
2026-06-05 17:01:52 [main] INFO  com.tecskool.base.BaseTest - Opening URL: https://practice.tecskool.com/
2026-06-05 17:01:53 [main] INFO  com.tecskool.listeners.TestListener - Running test method: testSelectionControls
2026-06-05 17:01:53 [main] INFO  com.tecskool.tests.SelectionControlsPageTest - Executing testSelectionControls...
2026-06-05 17:01:53 [main] INFO  com.tecskool.base.BasePage - Typing 'learning@tecskool.com' in element: By.id: username
2026-06-05 17:01:53 [main] INFO  com.tecskool.base.BasePage - Typing 'tecskool123' in element: By.id: password
2026-06-05 17:01:53 [main] INFO  com.tecskool.base.BasePage - Clicking on element: By.id: login-button
2026-06-05 17:01:53 [main] INFO  com.tecskool.tests.SelectionControlsPageTest - Selecting Male radio button...
2026-06-05 17:01:53 [main] INFO  com.tecskool.base.BasePage - Clicking on element: By.id: male
2026-06-05 17:01:53 [main] INFO  com.tecskool.base.BasePage - Checking selection state of element: By.id: male
2026-06-05 17:01:53 [main] INFO  com.tecskool.base.BasePage - Checking selection state of element: By.id: female
2026-06-05 17:01:53 [main] INFO  com.tecskool.tests.SelectionControlsPageTest - Selecting Female radio button...
2026-06-05 17:01:53 [main] INFO  com.tecskool.base.BasePage - Clicking on element: By.id: female
2026-06-05 17:01:53 [main] INFO  com.tecskool.base.BasePage - Checking selection state of element: By.id: female
2026-06-05 17:01:53 [main] INFO  com.tecskool.base.BasePage - Checking selection state of element: By.id: male
2026-06-05 17:01:53 [main] INFO  com.tecskool.tests.SelectionControlsPageTest - Checking interest checkboxes...
2026-06-05 17:01:53 [main] INFO  com.tecskool.base.BasePage - Checking selection state of element: By.id: coding
2026-06-05 17:01:53 [main] INFO  com.tecskool.base.BasePage - Clicking on element: By.id: coding
2026-06-05 17:01:53 [main] INFO  com.tecskool.base.BasePage - Checking selection state of element: By.id: design
2026-06-05 17:01:53 [main] INFO  com.tecskool.base.BasePage - Clicking on element: By.id: design
2026-06-05 17:01:53 [main] INFO  com.tecskool.base.BasePage - Checking selection state of element: By.id: testing
2026-06-05 17:01:53 [main] INFO  com.tecskool.base.BasePage - Clicking on element: By.id: testing
2026-06-05 17:01:53 [main] INFO  com.tecskool.base.BasePage - Checking selection state of element: By.id: coding
2026-06-05 17:01:53 [main] INFO  com.tecskool.base.BasePage - Checking selection state of element: By.id: design
2026-06-05 17:01:53 [main] INFO  com.tecskool.base.BasePage - Checking selection state of element: By.id: testing
2026-06-05 17:01:53 [main] INFO  com.tecskool.tests.SelectionControlsPageTest - Unchecking Design checkbox...
2026-06-05 17:01:53 [main] INFO  com.tecskool.base.BasePage - Checking selection state of element: By.id: design
2026-06-05 17:01:53 [main] INFO  com.tecskool.base.BasePage - Clicking on element: By.id: design
2026-06-05 17:01:53 [main] INFO  com.tecskool.base.BasePage - Checking selection state of element: By.id: design
2026-06-05 17:01:53 [main] INFO  com.tecskool.base.BasePage - Checking selection state of element: By.id: coding
2026-06-05 17:01:53 [main] INFO  com.tecskool.tests.SelectionControlsPageTest - testSelectionControls completed successfully.
2026-06-05 17:01:53 [main] INFO  com.tecskool.listeners.TestListener - Test method 'testSelectionControls' PASSED.
2026-06-05 17:01:53 [main] INFO  com.tecskool.base.BaseTest - Tearing down test execution...
2026-06-05 17:01:54 [main] INFO  com.tecskool.factory.DriverFactory - WebDriver quit successfully
2026-06-05 17:01:54 [main] INFO  com.tecskool.listeners.TestListener - Test Suite 'Login Tests' execution completed. Writing report...
2026-06-05 17:04:41 [main] INFO  com.tecskool.base.BaseTest - Setting up test execution...
2026-06-05 17:04:41 [main] INFO  com.tecskool.utils.ConfigReader - Loaded config.properties successfully from classpath
2026-06-05 17:04:41 [main] INFO  com.tecskool.factory.DriverFactory - Initializing WebDriver for browser: chrome
2026-06-05 17:04:43 [main] INFO  com.tecskool.factory.DriverFactory - WebDriver initialized successfully with 10 seconds implicit wait
2026-06-05 17:04:43 [main] INFO  com.tecskool.base.BaseTest - Opening URL: https://practice.tecskool.com/
2026-06-05 17:04:44 [main] INFO  com.tecskool.tests.SelectionControlsPageTest - Executing testSelectionControls...
2026-06-05 17:04:44 [main] INFO  com.tecskool.base.BasePage - Typing 'learning@tecskool.com' in element: By.id: username
2026-06-05 17:04:44 [main] INFO  com.tecskool.base.BasePage - Typing 'tecskool123' in element: By.id: password
2026-06-05 17:04:44 [main] INFO  com.tecskool.base.BasePage - Clicking on element: By.id: login-button
2026-06-05 17:04:44 [main] INFO  com.tecskool.tests.SelectionControlsPageTest - Selecting Male radio button...
2026-06-05 17:04:44 [main] INFO  com.tecskool.base.BasePage - Clicking on element: By.id: male
2026-06-05 17:04:44 [main] INFO  com.tecskool.base.BasePage - Checking selection state of element: By.id: male
2026-06-05 17:04:44 [main] INFO  com.tecskool.base.BasePage - Checking selection state of element: By.id: female
2026-06-05 17:04:44 [main] INFO  com.tecskool.tests.SelectionControlsPageTest - Selecting Female radio button...
2026-06-05 17:04:44 [main] INFO  com.tecskool.base.BasePage - Clicking on element: By.id: female
2026-06-05 17:04:44 [main] INFO  com.tecskool.base.BasePage - Checking selection state of element: By.id: female
2026-06-05 17:04:44 [main] INFO  com.tecskool.base.BasePage - Checking selection state of element: By.id: male
2026-06-05 17:04:44 [main] INFO  com.tecskool.tests.SelectionControlsPageTest - Checking interest checkboxes...
2026-06-05 17:04:44 [main] INFO  com.tecskool.base.BasePage - Checking selection state of element: By.id: coding
2026-06-05 17:04:44 [main] INFO  com.tecskool.base.BasePage - Clicking on element: By.id: coding
2026-06-05 17:04:44 [main] INFO  com.tecskool.base.BasePage - Checking selection state of element: By.id: design
2026-06-05 17:04:44 [main] INFO  com.tecskool.base.BasePage - Clicking on element: By.id: design
2026-06-05 17:04:44 [main] INFO  com.tecskool.base.BasePage - Checking selection state of element: By.id: testing
2026-06-05 17:04:44 [main] INFO  com.tecskool.base.BasePage - Clicking on element: By.id: testing
2026-06-05 17:04:45 [main] INFO  com.tecskool.base.BasePage - Checking selection state of element: By.id: coding
2026-06-05 17:04:45 [main] INFO  com.tecskool.base.BasePage - Checking selection state of element: By.id: design
2026-06-05 17:04:45 [main] INFO  com.tecskool.base.BasePage - Checking selection state of element: By.id: testing
2026-06-05 17:04:45 [main] INFO  com.tecskool.tests.SelectionControlsPageTest - Unchecking Design checkbox...
2026-06-05 17:04:45 [main] INFO  com.tecskool.base.BasePage - Checking selection state of element: By.id: design
2026-06-05 17:04:45 [main] INFO  com.tecskool.base.BasePage - Clicking on element: By.id: design
2026-06-05 17:04:45 [main] INFO  com.tecskool.base.BasePage - Checking selection state of element: By.id: design
2026-06-05 17:04:45 [main] INFO  com.tecskool.base.BasePage - Checking selection state of element: By.id: coding
2026-06-05 17:04:45 [main] INFO  com.tecskool.tests.SelectionControlsPageTest - testSelectionControls completed successfully.
2026-06-05 17:04:45 [main] INFO  com.tecskool.base.BaseTest - Tearing down test execution...
2026-06-05 17:04:45 [main] INFO  com.tecskool.factory.DriverFactory - WebDriver quit successfully
2026-06-05 17:05:01 [main] INFO  com.tecskool.base.BaseTest - Setting up test execution...
2026-06-05 17:05:01 [main] INFO  com.tecskool.utils.ConfigReader - Loaded config.properties successfully from classpath
2026-06-05 17:05:01 [main] INFO  com.tecskool.factory.DriverFactory - Initializing WebDriver for browser: chrome
2026-06-05 17:05:02 [main] INFO  com.tecskool.factory.DriverFactory - WebDriver initialized successfully with 10 seconds implicit wait
2026-06-05 17:05:02 [main] INFO  com.tecskool.base.BaseTest - Opening URL: https://practice.tecskool.com/
2026-06-05 17:05:04 [main] INFO  com.tecskool.tests.SelectionControlsPageTest - Executing testSelectionControls...
2026-06-05 17:05:04 [main] INFO  com.tecskool.base.BasePage - Typing 'learning@tecskool.com' in element: By.id: username
2026-06-05 17:05:04 [main] INFO  com.tecskool.base.BasePage - Typing 'tecskool123' in element: By.id: password
2026-06-05 17:05:04 [main] INFO  com.tecskool.base.BasePage - Clicking on element: By.id: login-button
2026-06-05 17:05:04 [main] INFO  com.tecskool.tests.SelectionControlsPageTest - Selecting Male radio button...
2026-06-05 17:05:04 [main] INFO  com.tecskool.base.BasePage - Clicking on element: By.id: male
2026-06-05 17:05:04 [main] INFO  com.tecskool.base.BasePage - Checking selection state of element: By.id: male
2026-06-05 17:05:04 [main] INFO  com.tecskool.base.BasePage - Checking selection state of element: By.id: female
2026-06-05 17:05:04 [main] INFO  com.tecskool.tests.SelectionControlsPageTest - Selecting Female radio button...
2026-06-05 17:05:04 [main] INFO  com.tecskool.base.BasePage - Clicking on element: By.id: female
2026-06-05 17:05:04 [main] INFO  com.tecskool.base.BasePage - Checking selection state of element: By.id: female
2026-06-05 17:05:04 [main] INFO  com.tecskool.base.BasePage - Checking selection state of element: By.id: male
2026-06-05 17:05:04 [main] INFO  com.tecskool.tests.SelectionControlsPageTest - Checking interest checkboxes...
2026-06-05 17:05:04 [main] INFO  com.tecskool.base.BasePage - Checking selection state of element: By.id: coding
2026-06-05 17:05:04 [main] INFO  com.tecskool.base.BasePage - Clicking on element: By.id: coding
2026-06-05 17:05:04 [main] INFO  com.tecskool.base.BasePage - Checking selection state of element: By.id: design
2026-06-05 17:05:04 [main] INFO  com.tecskool.base.BasePage - Clicking on element: By.id: design
2026-06-05 17:05:04 [main] INFO  com.tecskool.base.BasePage - Checking selection state of element: By.id: testing
2026-06-05 17:05:04 [main] INFO  com.tecskool.base.BasePage - Clicking on element: By.id: testing
2026-06-05 17:05:04 [main] INFO  com.tecskool.base.BasePage - Checking selection state of element: By.id: coding
2026-06-05 17:05:04 [main] INFO  com.tecskool.base.BasePage - Checking selection state of element: By.id: design
2026-06-05 17:05:04 [main] INFO  com.tecskool.base.BasePage - Checking selection state of element: By.id: testing
2026-06-05 17:05:04 [main] INFO  com.tecskool.tests.SelectionControlsPageTest - Unchecking Design checkbox...
2026-06-05 17:05:04 [main] INFO  com.tecskool.base.BasePage - Checking selection state of element: By.id: design
2026-06-05 17:05:04 [main] INFO  com.tecskool.base.BasePage - Clicking on element: By.id: design
2026-06-05 17:05:05 [main] INFO  com.tecskool.base.BasePage - Checking selection state of element: By.id: design
2026-06-05 17:05:05 [main] INFO  com.tecskool.base.BasePage - Checking selection state of element: By.id: coding
2026-06-05 17:05:05 [main] INFO  com.tecskool.tests.SelectionControlsPageTest - testSelectionControls completed successfully.
2026-06-05 17:05:05 [main] INFO  com.tecskool.base.BaseTest - Tearing down test execution...
2026-06-05 17:05:05 [main] INFO  com.tecskool.factory.DriverFactory - WebDriver quit successfully
2026-06-05 17:05:51 [main] INFO  com.tecskool.base.BaseTest - Setting up test execution...
2026-06-05 17:05:51 [main] INFO  com.tecskool.utils.ConfigReader - Loaded config.properties successfully from classpath
2026-06-05 17:05:51 [main] INFO  com.tecskool.factory.DriverFactory - Initializing WebDriver for browser: chrome
2026-06-05 17:05:53 [main] INFO  com.tecskool.factory.DriverFactory - WebDriver initialized successfully with 10 seconds implicit wait
2026-06-05 17:05:53 [main] INFO  com.tecskool.base.BaseTest - Opening URL: https://practice.tecskool.com/
2026-06-05 17:05:53 [main] INFO  com.tecskool.tests.SelectionControlsPageTest - Executing testSelectionControls...
2026-06-05 17:05:53 [main] INFO  com.tecskool.base.BasePage - Typing 'learning@tecskool.com' in element: By.id: username
2026-06-05 17:05:55 [main] INFO  com.tecskool.base.BasePage - Typing 'tecskool123' in element: By.id: password
2026-06-05 17:05:56 [main] INFO  com.tecskool.base.BasePage - Clicking on element: By.id: login-button
2026-06-05 17:05:57 [main] INFO  com.tecskool.tests.SelectionControlsPageTest - Selecting Male radio button...
2026-06-05 17:05:57 [main] INFO  com.tecskool.base.BasePage - Clicking on element: By.id: male
2026-06-05 17:05:58 [main] INFO  com.tecskool.base.BasePage - Checking selection state of element: By.id: male
2026-06-05 17:05:58 [main] INFO  com.tecskool.base.BasePage - Checking selection state of element: By.id: female
2026-06-05 17:05:58 [main] INFO  com.tecskool.tests.SelectionControlsPageTest - Selecting Female radio button...
2026-06-05 17:05:58 [main] INFO  com.tecskool.base.BasePage - Clicking on element: By.id: female
2026-06-05 17:05:59 [main] INFO  com.tecskool.base.BasePage - Checking selection state of element: By.id: female
2026-06-05 17:05:59 [main] INFO  com.tecskool.base.BasePage - Checking selection state of element: By.id: male
2026-06-05 17:05:59 [main] INFO  com.tecskool.tests.SelectionControlsPageTest - Checking interest checkboxes...
2026-06-05 17:05:59 [main] INFO  com.tecskool.base.BasePage - Checking selection state of element: By.id: coding
2026-06-05 17:05:59 [main] INFO  com.tecskool.base.BasePage - Clicking on element: By.id: coding
2026-06-05 17:06:00 [main] INFO  com.tecskool.base.BasePage - Checking selection state of element: By.id: design
2026-06-05 17:06:00 [main] INFO  com.tecskool.base.BasePage - Clicking on element: By.id: design
2026-06-05 17:06:01 [main] INFO  com.tecskool.base.BasePage - Checking selection state of element: By.id: testing
2026-06-05 17:06:01 [main] INFO  com.tecskool.base.BasePage - Clicking on element: By.id: testing
2026-06-05 17:06:02 [main] INFO  com.tecskool.base.BasePage - Checking selection state of element: By.id: coding
2026-06-05 17:06:02 [main] INFO  com.tecskool.base.BasePage - Checking selection state of element: By.id: design
2026-06-05 17:06:02 [main] INFO  com.tecskool.base.BasePage - Checking selection state of element: By.id: testing
2026-06-05 17:06:03 [main] INFO  com.tecskool.tests.SelectionControlsPageTest - Unchecking Design checkbox...
2026-06-05 17:06:03 [main] INFO  com.tecskool.base.BasePage - Checking selection state of element: By.id: design
2026-06-05 17:06:03 [main] INFO  com.tecskool.base.BasePage - Clicking on element: By.id: design
2026-06-05 17:06:04 [main] INFO  com.tecskool.base.BasePage - Checking selection state of element: By.id: design
2026-06-05 17:06:04 [main] INFO  com.tecskool.base.BasePage - Checking selection state of element: By.id: coding
2026-06-05 17:06:04 [main] INFO  com.tecskool.tests.SelectionControlsPageTest - testSelectionControls completed successfully.
2026-06-05 17:06:04 [main] INFO  com.tecskool.base.BaseTest - Tearing down test execution...
2026-06-05 17:06:04 [main] INFO  com.tecskool.factory.DriverFactory - WebDriver quit successfully
2026-06-05 17:13:01 [main] INFO  com.tecskool.listeners.TestListener - Test Suite 'Login Tests' execution started.
2026-06-05 17:13:01 [main] INFO  com.tecskool.base.BaseTest - Setting up test execution...
2026-06-05 17:13:01 [main] INFO  com.tecskool.utils.ConfigReader - Loaded config.properties successfully from classpath
2026-06-05 17:13:01 [main] INFO  com.tecskool.factory.DriverFactory - Initializing WebDriver for browser: chrome
2026-06-05 17:13:03 [main] INFO  com.tecskool.factory.DriverFactory - WebDriver initialized successfully with 10 seconds implicit wait
2026-06-05 17:13:03 [main] INFO  com.tecskool.base.BaseTest - Opening URL: https://practice.tecskool.com/
2026-06-05 17:13:04 [main] INFO  com.tecskool.listeners.TestListener - Running test method: testValidLogin
2026-06-05 17:13:04 [main] INFO  com.tecskool.tests.LoginTest - Executing testValidLogin...
2026-06-05 17:13:04 [main] INFO  com.tecskool.base.BasePage - Typing 'learning@tecskool.com' in element: By.id: username
2026-06-05 17:13:05 [main] INFO  com.tecskool.base.BasePage - Typing 'tecskool123' in element: By.id: password
2026-06-05 17:13:07 [main] INFO  com.tecskool.base.BasePage - Clicking on element: By.id: login-button
2026-06-05 17:13:08 [main] INFO  com.tecskool.tests.LoginTest - Asserting that logout button is visible on the dashboard...
2026-06-05 17:13:08 [main] INFO  com.tecskool.base.BasePage - Checking visibility of element: By.id: logout-btn
2026-06-05 17:13:08 [main] INFO  com.tecskool.tests.LoginTest - testValidLogin passed.
2026-06-05 17:13:08 [main] INFO  com.tecskool.listeners.TestListener - Test method 'testValidLogin' PASSED.
2026-06-05 17:13:08 [main] INFO  com.tecskool.base.BaseTest - Tearing down test execution...
2026-06-05 17:13:08 [main] INFO  com.tecskool.factory.DriverFactory - WebDriver quit successfully
2026-06-05 17:13:08 [main] INFO  com.tecskool.base.BaseTest - Setting up test execution...
2026-06-05 17:13:08 [main] INFO  com.tecskool.factory.DriverFactory - Initializing WebDriver for browser: chrome
2026-06-05 17:13:09 [main] INFO  com.tecskool.factory.DriverFactory - WebDriver initialized successfully with 10 seconds implicit wait
2026-06-05 17:13:09 [main] INFO  com.tecskool.base.BaseTest - Opening URL: https://practice.tecskool.com/
2026-06-05 17:13:11 [main] INFO  com.tecskool.listeners.TestListener - Running test method: testInvalidLogin
2026-06-05 17:13:11 [main] INFO  com.tecskool.tests.LoginTest - Executing testInvalidLogin...
2026-06-05 17:13:11 [main] INFO  com.tecskool.base.BasePage - Typing 'invalid_user@tecskool.com' in element: By.id: username
2026-06-05 17:13:12 [main] INFO  com.tecskool.base.BasePage - Typing 'invalid_password' in element: By.id: password
2026-06-05 17:13:13 [main] INFO  com.tecskool.base.BasePage - Clicking on element: By.id: login-button
2026-06-05 17:13:15 [main] INFO  com.tecskool.tests.LoginTest - Asserting that the error message text matches...
2026-06-05 17:13:15 [main] INFO  com.tecskool.base.BasePage - Getting text from element: By.id: error-message
2026-06-05 17:13:15 [main] INFO  com.tecskool.tests.LoginTest - testInvalidLogin passed.
2026-06-05 17:13:15 [main] INFO  com.tecskool.listeners.TestListener - Test method 'testInvalidLogin' PASSED.
2026-06-05 17:13:15 [main] INFO  com.tecskool.base.BaseTest - Tearing down test execution...
2026-06-05 17:13:15 [main] INFO  com.tecskool.factory.DriverFactory - WebDriver quit successfully
2026-06-05 17:13:15 [main] INFO  com.tecskool.base.BaseTest - Setting up test execution...
2026-06-05 17:13:15 [main] INFO  com.tecskool.factory.DriverFactory - Initializing WebDriver for browser: chrome
2026-06-05 17:13:15 [main] INFO  com.tecskool.factory.DriverFactory - WebDriver initialized successfully with 10 seconds implicit wait
2026-06-05 17:13:15 [main] INFO  com.tecskool.base.BaseTest - Opening URL: https://practice.tecskool.com/
2026-06-05 17:13:16 [main] INFO  com.tecskool.listeners.TestListener - Running test method: testEmailValidationInvalid
2026-06-05 17:13:16 [main] INFO  com.tecskool.tests.PersonalInfoPageTest - Executing testEmailValidationInvalid...
2026-06-05 17:13:16 [main] INFO  com.tecskool.base.BasePage - Typing 'learning@tecskool.com' in element: By.id: username
2026-06-05 17:13:18 [main] INFO  com.tecskool.base.BasePage - Typing 'tecskool123' in element: By.id: password
2026-06-05 17:13:19 [main] INFO  com.tecskool.base.BasePage - Clicking on element: By.id: login-button
2026-06-05 17:13:20 [main] INFO  com.tecskool.tests.PersonalInfoPageTest - Entering invalid email to trigger validation...
2026-06-05 17:13:20 [main] INFO  com.tecskool.base.BasePage - Typing 'invalidemail' in element: By.id: email
2026-06-05 17:13:21 [main] INFO  com.tecskool.base.BasePage - Getting text from element: By.id: email-error
2026-06-05 17:13:21 [main] INFO  com.tecskool.tests.PersonalInfoPageTest - Asserting email validation error message...
2026-06-05 17:13:21 [main] INFO  com.tecskool.tests.PersonalInfoPageTest - testEmailValidationInvalid passed.
2026-06-05 17:13:21 [main] INFO  com.tecskool.listeners.TestListener - Test method 'testEmailValidationInvalid' PASSED.
2026-06-05 17:13:21 [main] INFO  com.tecskool.base.BaseTest - Tearing down test execution...
2026-06-05 17:13:21 [main] INFO  com.tecskool.factory.DriverFactory - WebDriver quit successfully
2026-06-05 17:13:21 [main] INFO  com.tecskool.base.BaseTest - Setting up test execution...
2026-06-05 17:13:21 [main] INFO  com.tecskool.factory.DriverFactory - Initializing WebDriver for browser: chrome
2026-06-05 17:13:22 [main] INFO  com.tecskool.factory.DriverFactory - WebDriver initialized successfully with 10 seconds implicit wait
2026-06-05 17:13:22 [main] INFO  com.tecskool.base.BaseTest - Opening URL: https://practice.tecskool.com/
2026-06-05 17:13:23 [main] INFO  com.tecskool.listeners.TestListener - Running test method: testNameValidationShort
2026-06-05 17:13:23 [main] INFO  com.tecskool.tests.PersonalInfoPageTest - Executing testNameValidationShort...
2026-06-05 17:13:23 [main] INFO  com.tecskool.base.BasePage - Typing 'learning@tecskool.com' in element: By.id: username
2026-06-05 17:13:24 [main] INFO  com.tecskool.base.BasePage - Typing 'tecskool123' in element: By.id: password
2026-06-05 17:13:25 [main] INFO  com.tecskool.base.BasePage - Clicking on element: By.id: login-button
2026-06-05 17:13:26 [main] INFO  com.tecskool.tests.PersonalInfoPageTest - Entering 1-character name to trigger validation...
2026-06-05 17:13:26 [main] INFO  com.tecskool.base.BasePage - Typing 'A' in element: By.id: full-name
2026-06-05 17:13:27 [main] INFO  com.tecskool.base.BasePage - Typing '' in element: By.id: dob
2026-06-05 17:13:28 [main] INFO  com.tecskool.base.BasePage - Getting text from element: By.id: name-error
2026-06-05 17:13:28 [main] INFO  com.tecskool.tests.PersonalInfoPageTest - Asserting name validation error message...
2026-06-05 17:13:28 [main] INFO  com.tecskool.tests.PersonalInfoPageTest - testNameValidationShort passed.
2026-06-05 17:13:28 [main] INFO  com.tecskool.listeners.TestListener - Test method 'testNameValidationShort' PASSED.
2026-06-05 17:13:28 [main] INFO  com.tecskool.base.BaseTest - Tearing down test execution...
2026-06-05 17:13:29 [main] INFO  com.tecskool.factory.DriverFactory - WebDriver quit successfully
2026-06-05 17:13:29 [main] INFO  com.tecskool.base.BaseTest - Setting up test execution...
2026-06-05 17:13:29 [main] INFO  com.tecskool.factory.DriverFactory - Initializing WebDriver for browser: chrome
2026-06-05 17:13:29 [main] INFO  com.tecskool.factory.DriverFactory - WebDriver initialized successfully with 10 seconds implicit wait
2026-06-05 17:13:29 [main] INFO  com.tecskool.base.BaseTest - Opening URL: https://practice.tecskool.com/
2026-06-05 17:13:30 [main] INFO  com.tecskool.listeners.TestListener - Running test method: testPersonalInformationForm
2026-06-05 17:13:30 [main] INFO  com.tecskool.tests.PersonalInfoPageTest - Starting testPersonalInformationForm...
2026-06-05 17:13:30 [main] INFO  com.tecskool.base.BasePage - Typing 'learning@tecskool.com' in element: By.id: username
2026-06-05 17:13:31 [main] INFO  com.tecskool.base.BasePage - Typing 'tecskool123' in element: By.id: password
2026-06-05 17:13:33 [main] INFO  com.tecskool.base.BasePage - Clicking on element: By.id: login-button
2026-06-05 17:13:34 [main] INFO  com.tecskool.tests.PersonalInfoPageTest - Entering personal details: Name='Jane Doe', DOB='12/12/1990', Email='jane.doe@example.com'
2026-06-05 17:13:34 [main] INFO  com.tecskool.base.BasePage - Typing 'Jane Doe' in element: By.id: full-name
2026-06-05 17:13:35 [main] INFO  com.tecskool.base.BasePage - Typing '12/12/1990' in element: By.id: dob
2026-06-05 17:13:36 [main] INFO  com.tecskool.base.BasePage - Typing 'jane.doe@example.com' in element: By.id: email
2026-06-05 17:13:37 [main] INFO  com.tecskool.tests.PersonalInfoPageTest - Verifying form values...
2026-06-05 17:13:37 [main] INFO  com.tecskool.base.BasePage - Getting attribute 'value' from element: By.id: full-name
2026-06-05 17:13:37 [main] INFO  com.tecskool.base.BasePage - Getting attribute 'value' from element: By.id: dob
2026-06-05 17:13:37 [main] INFO  com.tecskool.base.BasePage - Getting attribute 'value' from element: By.id: email
2026-06-05 17:13:37 [main] INFO  com.tecskool.tests.PersonalInfoPageTest - testPersonalInformationForm completed successfully.
2026-06-05 17:13:37 [main] INFO  com.tecskool.listeners.TestListener - Test method 'testPersonalInformationForm' PASSED.
2026-06-05 17:13:37 [main] INFO  com.tecskool.base.BaseTest - Tearing down test execution...
2026-06-05 17:13:37 [main] INFO  com.tecskool.factory.DriverFactory - WebDriver quit successfully
2026-06-05 17:13:37 [main] INFO  com.tecskool.base.BaseTest - Setting up test execution...
2026-06-05 17:13:37 [main] INFO  com.tecskool.factory.DriverFactory - Initializing WebDriver for browser: chrome
2026-06-05 17:13:38 [main] INFO  com.tecskool.factory.DriverFactory - WebDriver initialized successfully with 10 seconds implicit wait
2026-06-05 17:13:38 [main] INFO  com.tecskool.base.BaseTest - Opening URL: https://practice.tecskool.com/
2026-06-05 17:13:39 [main] INFO  com.tecskool.listeners.TestListener - Running test method: testSelectionControls
2026-06-05 17:13:39 [main] INFO  com.tecskool.tests.SelectionControlsPageTest - Executing testSelectionControls...
2026-06-05 17:13:39 [main] INFO  com.tecskool.base.BasePage - Typing 'learning@tecskool.com' in element: By.id: username
2026-06-05 17:13:40 [main] INFO  com.tecskool.base.BasePage - Typing 'tecskool123' in element: By.id: password
2026-06-05 17:13:41 [main] INFO  com.tecskool.base.BasePage - Clicking on element: By.id: login-button
2026-06-05 17:13:42 [main] INFO  com.tecskool.tests.SelectionControlsPageTest - Selecting Male radio button...
2026-06-05 17:13:42 [main] INFO  com.tecskool.base.BasePage - Clicking on element: By.id: male
2026-06-05 17:13:44 [main] INFO  com.tecskool.base.BasePage - Checking selection state of element: By.id: male
2026-06-05 17:13:44 [main] INFO  com.tecskool.base.BasePage - Checking selection state of element: By.id: female
2026-06-05 17:13:44 [main] INFO  com.tecskool.tests.SelectionControlsPageTest - Selecting Female radio button...
2026-06-05 17:13:44 [main] INFO  com.tecskool.base.BasePage - Clicking on element: By.id: female
2026-06-05 17:13:45 [main] INFO  com.tecskool.base.BasePage - Checking selection state of element: By.id: female
2026-06-05 17:13:45 [main] INFO  com.tecskool.base.BasePage - Checking selection state of element: By.id: male
2026-06-05 17:13:45 [main] INFO  com.tecskool.tests.SelectionControlsPageTest - Checking interest checkboxes...
2026-06-05 17:13:45 [main] INFO  com.tecskool.base.BasePage - Checking selection state of element: By.id: coding
2026-06-05 17:13:45 [main] INFO  com.tecskool.base.BasePage - Clicking on element: By.id: coding
2026-06-05 17:13:46 [main] INFO  com.tecskool.base.BasePage - Checking selection state of element: By.id: design
2026-06-05 17:13:46 [main] INFO  com.tecskool.base.BasePage - Clicking on element: By.id: design
2026-06-05 17:13:47 [main] INFO  com.tecskool.base.BasePage - Checking selection state of element: By.id: testing
2026-06-05 17:13:47 [main] INFO  com.tecskool.base.BasePage - Clicking on element: By.id: testing
2026-06-05 17:13:48 [main] INFO  com.tecskool.base.BasePage - Checking selection state of element: By.id: coding
2026-06-05 17:13:48 [main] INFO  com.tecskool.base.BasePage - Checking selection state of element: By.id: design
2026-06-05 17:13:48 [main] INFO  com.tecskool.base.BasePage - Checking selection state of element: By.id: testing
2026-06-05 17:13:48 [main] INFO  com.tecskool.tests.SelectionControlsPageTest - Unchecking Design checkbox...
2026-06-05 17:13:48 [main] INFO  com.tecskool.base.BasePage - Checking selection state of element: By.id: design
2026-06-05 17:13:48 [main] INFO  com.tecskool.base.BasePage - Clicking on element: By.id: design
2026-06-05 17:13:49 [main] INFO  com.tecskool.base.BasePage - Checking selection state of element: By.id: design
2026-06-05 17:13:49 [main] INFO  com.tecskool.base.BasePage - Checking selection state of element: By.id: coding
2026-06-05 17:13:49 [main] INFO  com.tecskool.tests.SelectionControlsPageTest - testSelectionControls completed successfully.
2026-06-05 17:13:49 [main] INFO  com.tecskool.listeners.TestListener - Test method 'testSelectionControls' PASSED.
2026-06-05 17:13:49 [main] INFO  com.tecskool.base.BaseTest - Tearing down test execution...
2026-06-05 17:13:49 [main] INFO  com.tecskool.factory.DriverFactory - WebDriver quit successfully
2026-06-05 17:13:49 [main] INFO  com.tecskool.listeners.TestListener - Test Suite 'Login Tests' execution completed. Writing report...
2026-06-05 17:15:23 [main] INFO  com.tecskool.listeners.TestListener - Test Suite 'Login Tests' execution started.
2026-06-05 17:15:23 [main] INFO  com.tecskool.base.BaseTest - Setting up test execution...
2026-06-05 17:15:23 [main] INFO  com.tecskool.utils.ConfigReader - Loaded config.properties successfully from classpath
2026-06-05 17:15:23 [main] INFO  com.tecskool.factory.DriverFactory - Initializing WebDriver for browser: chrome
2026-06-05 17:15:25 [main] INFO  com.tecskool.factory.DriverFactory - WebDriver initialized successfully with 10 seconds implicit wait
2026-06-05 17:15:25 [main] INFO  com.tecskool.base.BaseTest - Opening URL: https://practice.tecskool.com/
2026-06-05 17:15:26 [main] INFO  com.tecskool.listeners.TestListener - Running test method: testValidLogin
2026-06-05 17:15:26 [main] INFO  com.tecskool.tests.LoginTest - Executing testValidLogin...
2026-06-05 17:15:26 [main] INFO  com.tecskool.base.BasePage - Typing 'learning@tecskool.com' in element: By.id: username
2026-06-05 17:15:27 [main] INFO  com.tecskool.base.BasePage - Typing 'tecskool123' in element: By.id: password
2026-06-05 17:15:28 [main] INFO  com.tecskool.base.BasePage - Clicking on element: By.id: login-button
2026-06-05 17:15:29 [main] INFO  com.tecskool.tests.LoginTest - Asserting that logout button is visible on the dashboard...
2026-06-05 17:15:29 [main] INFO  com.tecskool.base.BasePage - Checking visibility of element: By.id: logout-btn
2026-06-05 17:15:29 [main] INFO  com.tecskool.tests.LoginTest - testValidLogin passed.
2026-06-05 17:15:29 [main] INFO  com.tecskool.listeners.TestListener - Test method 'testValidLogin' PASSED.
2026-06-05 17:15:29 [main] INFO  com.tecskool.base.BaseTest - Tearing down test execution...
2026-06-05 17:15:29 [main] INFO  com.tecskool.factory.DriverFactory - WebDriver quit successfully
2026-06-05 17:15:29 [main] INFO  com.tecskool.base.BaseTest - Setting up test execution...
2026-06-05 17:15:29 [main] INFO  com.tecskool.factory.DriverFactory - Initializing WebDriver for browser: chrome
2026-06-05 17:15:30 [main] INFO  com.tecskool.factory.DriverFactory - WebDriver initialized successfully with 10 seconds implicit wait
2026-06-05 17:15:30 [main] INFO  com.tecskool.base.BaseTest - Opening URL: https://practice.tecskool.com/
2026-06-05 17:15:31 [main] INFO  com.tecskool.listeners.TestListener - Running test method: testInvalidLogin
2026-06-05 17:15:31 [main] INFO  com.tecskool.tests.LoginTest - Executing testInvalidLogin...
2026-06-05 17:15:31 [main] INFO  com.tecskool.base.BasePage - Typing 'invalid_user@tecskool.com' in element: By.id: username
2026-06-05 17:15:32 [main] INFO  com.tecskool.base.BasePage - Typing 'invalid_password' in element: By.id: password
2026-06-05 17:15:33 [main] INFO  com.tecskool.base.BasePage - Clicking on element: By.id: login-button
2026-06-05 17:15:34 [main] INFO  com.tecskool.tests.LoginTest - Asserting that the error message text matches...
2026-06-05 17:15:34 [main] INFO  com.tecskool.base.BasePage - Getting text from element: By.id: error-message
2026-06-05 17:15:35 [main] INFO  com.tecskool.tests.LoginTest - testInvalidLogin passed.
2026-06-05 17:15:35 [main] INFO  com.tecskool.listeners.TestListener - Test method 'testInvalidLogin' PASSED.
2026-06-05 17:15:35 [main] INFO  com.tecskool.base.BaseTest - Tearing down test execution...
2026-06-05 17:15:35 [main] INFO  com.tecskool.factory.DriverFactory - WebDriver quit successfully
2026-06-05 17:15:35 [main] INFO  com.tecskool.tests.PersonalInfoPageTest - Initializing browser session and logging in...
2026-06-05 17:15:35 [main] INFO  com.tecskool.factory.DriverFactory - Initializing WebDriver for browser: chrome
2026-06-05 17:15:35 [main] INFO  com.tecskool.factory.DriverFactory - WebDriver initialized successfully with 10 seconds implicit wait
2026-06-05 17:15:36 [main] INFO  com.tecskool.base.BasePage - Typing 'learning@tecskool.com' in element: By.id: username
2026-06-05 17:15:38 [main] INFO  com.tecskool.base.BasePage - Typing 'tecskool123' in element: By.id: password
2026-06-05 17:15:39 [main] INFO  com.tecskool.base.BasePage - Clicking on element: By.id: login-button
2026-06-05 17:15:40 [main] INFO  com.tecskool.listeners.TestListener - Running test method: testFillAndEraseInfo
2026-06-05 17:15:40 [main] INFO  com.tecskool.tests.PersonalInfoPageTest - Starting Scenario 1: Fill valid personal details and erase them...
2026-06-05 17:15:40 [main] INFO  com.tecskool.tests.PersonalInfoPageTest - Entering details: Name='Jane Doe', DOB='12/12/1990', Email='jane.doe@example.com'
2026-06-05 17:15:40 [main] INFO  com.tecskool.base.BasePage - Typing 'Jane Doe' in element: By.id: full-name
2026-06-05 17:15:41 [main] INFO  com.tecskool.base.BasePage - Typing '12/12/1990' in element: By.id: dob
2026-06-05 17:15:42 [main] INFO  com.tecskool.base.BasePage - Typing 'jane.doe@example.com' in element: By.id: email
2026-06-05 17:15:43 [main] INFO  com.tecskool.tests.PersonalInfoPageTest - Verifying form values...
2026-06-05 17:15:43 [main] INFO  com.tecskool.base.BasePage - Getting attribute 'value' from element: By.id: full-name
2026-06-05 17:15:43 [main] INFO  com.tecskool.base.BasePage - Getting attribute 'value' from element: By.id: dob
2026-06-05 17:15:43 [main] INFO  com.tecskool.base.BasePage - Getting attribute 'value' from element: By.id: email
2026-06-05 17:15:43 [main] INFO  com.tecskool.tests.PersonalInfoPageTest - Erasing (clearing) all entered data...
2026-06-05 17:15:43 [main] INFO  com.tecskool.base.BasePage - Clearing text in element: By.id: full-name
2026-06-05 17:15:44 [main] INFO  com.tecskool.base.BasePage - Clearing text in element: By.id: dob
2026-06-05 17:15:45 [main] INFO  com.tecskool.base.BasePage - Clearing text in element: By.id: email
2026-06-05 17:15:46 [main] INFO  com.tecskool.base.BasePage - Getting attribute 'value' from element: By.id: full-name
2026-06-05 17:15:46 [main] INFO  com.tecskool.base.BasePage - Getting attribute 'value' from element: By.id: dob
2026-06-05 17:15:46 [main] INFO  com.tecskool.base.BasePage - Getting attribute 'value' from element: By.id: email
2026-06-05 17:15:46 [main] INFO  com.tecskool.tests.PersonalInfoPageTest - Scenario 1 passed.
2026-06-05 17:15:46 [main] INFO  com.tecskool.listeners.TestListener - Test method 'testFillAndEraseInfo' PASSED.
2026-06-05 17:15:46 [main] INFO  com.tecskool.listeners.TestListener - Running test method: testNameValidation
2026-06-05 17:15:46 [main] INFO  com.tecskool.tests.PersonalInfoPageTest - Starting Scenario 2: Validate short name error message...
2026-06-05 17:15:46 [main] INFO  com.tecskool.tests.PersonalInfoPageTest - Entering 1-character name...
2026-06-05 17:15:46 [main] INFO  com.tecskool.base.BasePage - Typing 'A' in element: By.id: full-name
2026-06-05 17:15:48 [main] INFO  com.tecskool.base.BasePage - Typing '' in element: By.id: dob
2026-06-05 17:15:49 [main] INFO  com.tecskool.base.BasePage - Getting text from element: By.id: name-error
2026-06-05 17:15:49 [main] INFO  com.tecskool.tests.PersonalInfoPageTest - Asserting name validation error message...
2026-06-05 17:15:49 [main] INFO  com.tecskool.tests.PersonalInfoPageTest - Clearing Full Name input...
2026-06-05 17:15:49 [main] INFO  com.tecskool.base.BasePage - Clearing text in element: By.id: full-name
2026-06-05 17:15:50 [main] INFO  com.tecskool.tests.PersonalInfoPageTest - Scenario 2 passed.
2026-06-05 17:15:50 [main] INFO  com.tecskool.listeners.TestListener - Test method 'testNameValidation' PASSED.
2026-06-05 17:15:50 [main] INFO  com.tecskool.listeners.TestListener - Running test method: testEmailValidation
2026-06-05 17:15:50 [main] INFO  com.tecskool.tests.PersonalInfoPageTest - Starting Scenario 3: Validate invalid email error message...
2026-06-05 17:15:50 [main] INFO  com.tecskool.tests.PersonalInfoPageTest - Entering invalid email...
2026-06-05 17:15:50 [main] INFO  com.tecskool.base.BasePage - Typing 'invalidemail' in element: By.id: email
2026-06-05 17:15:51 [main] INFO  com.tecskool.base.BasePage - Getting text from element: By.id: email-error
2026-06-05 17:15:51 [main] INFO  com.tecskool.tests.PersonalInfoPageTest - Asserting email validation error message...
2026-06-05 17:15:51 [main] INFO  com.tecskool.tests.PersonalInfoPageTest - Clearing Email input...
2026-06-05 17:15:51 [main] INFO  com.tecskool.base.BasePage - Clearing text in element: By.id: email
2026-06-05 17:15:52 [main] INFO  com.tecskool.tests.PersonalInfoPageTest - Scenario 3 passed.
2026-06-05 17:15:52 [main] INFO  com.tecskool.listeners.TestListener - Test method 'testEmailValidation' PASSED.
2026-06-05 17:15:52 [main] INFO  com.tecskool.tests.PersonalInfoPageTest - Logging out and quitting browser...
2026-06-05 17:15:52 [main] INFO  com.tecskool.base.BasePage - Checking visibility of element: By.id: logout-btn
2026-06-05 17:15:52 [main] INFO  com.tecskool.base.BasePage - Clicking on element: By.id: logout-btn
2026-06-05 17:15:53 [main] INFO  com.tecskool.tests.PersonalInfoPageTest - Logout button clicked successfully.
2026-06-05 17:15:53 [main] INFO  com.tecskool.factory.DriverFactory - WebDriver quit successfully
2026-06-05 17:15:53 [main] INFO  com.tecskool.base.BaseTest - Setting up test execution...
2026-06-05 17:15:53 [main] INFO  com.tecskool.factory.DriverFactory - Initializing WebDriver for browser: chrome
2026-06-05 17:15:54 [main] INFO  com.tecskool.factory.DriverFactory - WebDriver initialized successfully with 10 seconds implicit wait
2026-06-05 17:15:54 [main] INFO  com.tecskool.base.BaseTest - Opening URL: https://practice.tecskool.com/
2026-06-05 17:15:55 [main] INFO  com.tecskool.listeners.TestListener - Running test method: testSelectionControls
2026-06-05 17:15:55 [main] INFO  com.tecskool.tests.SelectionControlsPageTest - Executing testSelectionControls...
2026-06-05 17:15:55 [main] INFO  com.tecskool.base.BasePage - Typing 'learning@tecskool.com' in element: By.id: username
2026-06-05 17:15:56 [main] INFO  com.tecskool.base.BasePage - Typing 'tecskool123' in element: By.id: password
2026-06-05 17:15:57 [main] INFO  com.tecskool.base.BasePage - Clicking on element: By.id: login-button
2026-06-05 17:15:58 [main] INFO  com.tecskool.tests.SelectionControlsPageTest - Selecting Male radio button...
2026-06-05 17:15:58 [main] INFO  com.tecskool.base.BasePage - Clicking on element: By.id: male
2026-06-05 17:15:59 [main] INFO  com.tecskool.base.BasePage - Checking selection state of element: By.id: male
2026-06-05 17:15:59 [main] INFO  com.tecskool.base.BasePage - Checking selection state of element: By.id: female
2026-06-05 17:15:59 [main] INFO  com.tecskool.tests.SelectionControlsPageTest - Selecting Female radio button...
2026-06-05 17:15:59 [main] INFO  com.tecskool.base.BasePage - Clicking on element: By.id: female
2026-06-05 17:16:00 [main] INFO  com.tecskool.base.BasePage - Checking selection state of element: By.id: female
2026-06-05 17:16:00 [main] INFO  com.tecskool.base.BasePage - Checking selection state of element: By.id: male
2026-06-05 17:16:01 [main] INFO  com.tecskool.tests.SelectionControlsPageTest - Checking interest checkboxes...
2026-06-05 17:16:01 [main] INFO  com.tecskool.base.BasePage - Checking selection state of element: By.id: coding
2026-06-05 17:16:01 [main] INFO  com.tecskool.base.BasePage - Clicking on element: By.id: coding
2026-06-05 17:16:02 [main] INFO  com.tecskool.base.BasePage - Checking selection state of element: By.id: design
2026-06-05 17:16:02 [main] INFO  com.tecskool.base.BasePage - Clicking on element: By.id: design
2026-06-05 17:16:03 [main] INFO  com.tecskool.base.BasePage - Checking selection state of element: By.id: testing
2026-06-05 17:16:03 [main] INFO  com.tecskool.base.BasePage - Clicking on element: By.id: testing
2026-06-05 17:16:04 [main] INFO  com.tecskool.base.BasePage - Checking selection state of element: By.id: coding
2026-06-05 17:16:04 [main] INFO  com.tecskool.base.BasePage - Checking selection state of element: By.id: design
2026-06-05 17:16:04 [main] INFO  com.tecskool.base.BasePage - Checking selection state of element: By.id: testing
2026-06-05 17:16:04 [main] INFO  com.tecskool.tests.SelectionControlsPageTest - Unchecking Design checkbox...
2026-06-05 17:16:04 [main] INFO  com.tecskool.base.BasePage - Checking selection state of element: By.id: design
2026-06-05 17:16:04 [main] INFO  com.tecskool.base.BasePage - Clicking on element: By.id: design
2026-06-05 17:16:05 [main] INFO  com.tecskool.base.BasePage - Checking selection state of element: By.id: design
2026-06-05 17:16:05 [main] INFO  com.tecskool.base.BasePage - Checking selection state of element: By.id: coding
2026-06-05 17:16:05 [main] INFO  com.tecskool.tests.SelectionControlsPageTest - testSelectionControls completed successfully.
2026-06-05 17:16:05 [main] INFO  com.tecskool.listeners.TestListener - Test method 'testSelectionControls' PASSED.
2026-06-05 17:16:05 [main] INFO  com.tecskool.base.BaseTest - Tearing down test execution...
2026-06-05 17:16:05 [main] INFO  com.tecskool.factory.DriverFactory - WebDriver quit successfully
2026-06-05 17:16:05 [main] INFO  com.tecskool.listeners.TestListener - Test Suite 'Login Tests' execution completed. Writing report...
2026-06-05 17:16:52 [main] INFO  com.tecskool.tests.PersonalInfoPageTest - Initializing browser session and logging in...
2026-06-05 17:16:52 [main] INFO  com.tecskool.utils.ConfigReader - Loaded config.properties successfully from classpath
2026-06-05 17:16:52 [main] INFO  com.tecskool.factory.DriverFactory - Initializing WebDriver for browser: chrome
2026-06-05 17:16:53 [main] INFO  com.tecskool.factory.DriverFactory - WebDriver initialized successfully with 10 seconds implicit wait
2026-06-05 17:16:54 [main] INFO  com.tecskool.base.BasePage - Typing 'learning@tecskool.com' in element: By.id: username
2026-06-05 17:16:55 [main] INFO  com.tecskool.base.BasePage - Typing 'tecskool123' in element: By.id: password
2026-06-05 17:16:57 [main] INFO  com.tecskool.base.BasePage - Clicking on element: By.id: login-button
2026-06-05 17:16:58 [main] INFO  com.tecskool.tests.PersonalInfoPageTest - Starting Scenario 1: Fill valid personal details and erase them...
2026-06-05 17:16:58 [main] INFO  com.tecskool.tests.PersonalInfoPageTest - Entering details: Name='Jane Doe', DOB='12/12/1990', Email='jane.doe@example.com'
2026-06-05 17:16:58 [main] INFO  com.tecskool.base.BasePage - Typing 'Jane Doe' in element: By.id: full-name
2026-06-05 17:16:59 [main] INFO  com.tecskool.base.BasePage - Typing '12/12/1990' in element: By.id: dob
2026-06-05 17:17:00 [main] INFO  com.tecskool.base.BasePage - Typing 'jane.doe@example.com' in element: By.id: email
2026-06-05 17:17:01 [main] INFO  com.tecskool.tests.PersonalInfoPageTest - Verifying form values...
2026-06-05 17:17:01 [main] INFO  com.tecskool.base.BasePage - Getting attribute 'value' from element: By.id: full-name
2026-06-05 17:17:01 [main] INFO  com.tecskool.base.BasePage - Getting attribute 'value' from element: By.id: dob
2026-06-05 17:17:01 [main] INFO  com.tecskool.base.BasePage - Getting attribute 'value' from element: By.id: email
2026-06-05 17:17:01 [main] INFO  com.tecskool.tests.PersonalInfoPageTest - Erasing (clearing) all entered data...
2026-06-05 17:17:01 [main] INFO  com.tecskool.base.BasePage - Clearing text in element: By.id: full-name
2026-06-05 17:17:02 [main] INFO  com.tecskool.base.BasePage - Clearing text in element: By.id: dob
2026-06-05 17:17:03 [main] INFO  com.tecskool.base.BasePage - Clearing text in element: By.id: email
2026-06-05 17:17:04 [main] INFO  com.tecskool.base.BasePage - Getting attribute 'value' from element: By.id: full-name
2026-06-05 17:17:04 [main] INFO  com.tecskool.base.BasePage - Getting attribute 'value' from element: By.id: dob
2026-06-05 17:17:04 [main] INFO  com.tecskool.base.BasePage - Getting attribute 'value' from element: By.id: email
2026-06-05 17:17:04 [main] INFO  com.tecskool.tests.PersonalInfoPageTest - Scenario 1 passed.
2026-06-05 17:17:04 [main] INFO  com.tecskool.tests.PersonalInfoPageTest - Starting Scenario 2: Validate short name error message...
2026-06-05 17:17:04 [main] INFO  com.tecskool.tests.PersonalInfoPageTest - Entering 1-character name...
2026-06-05 17:17:04 [main] INFO  com.tecskool.base.BasePage - Typing 'A' in element: By.id: full-name
2026-06-05 17:17:06 [main] INFO  com.tecskool.base.BasePage - Typing '' in element: By.id: dob
2026-06-05 17:17:07 [main] INFO  com.tecskool.base.BasePage - Getting text from element: By.id: name-error
2026-06-05 17:17:07 [main] INFO  com.tecskool.tests.PersonalInfoPageTest - Asserting name validation error message...
2026-06-05 17:17:07 [main] INFO  com.tecskool.tests.PersonalInfoPageTest - Clearing Full Name input...
2026-06-05 17:17:07 [main] INFO  com.tecskool.base.BasePage - Clearing text in element: By.id: full-name
2026-06-05 17:17:08 [main] INFO  com.tecskool.tests.PersonalInfoPageTest - Scenario 2 passed.
2026-06-05 17:17:08 [main] INFO  com.tecskool.tests.PersonalInfoPageTest - Starting Scenario 3: Validate invalid email error message...
2026-06-05 17:17:08 [main] INFO  com.tecskool.tests.PersonalInfoPageTest - Entering invalid email...
2026-06-05 17:17:08 [main] INFO  com.tecskool.base.BasePage - Typing 'invalidemail' in element: By.id: email
2026-06-05 17:17:09 [main] INFO  com.tecskool.base.BasePage - Getting text from element: By.id: email-error
2026-06-05 17:17:09 [main] INFO  com.tecskool.tests.PersonalInfoPageTest - Asserting email validation error message...
2026-06-05 17:17:09 [main] INFO  com.tecskool.tests.PersonalInfoPageTest - Clearing Email input...
2026-06-05 17:17:09 [main] INFO  com.tecskool.base.BasePage - Clearing text in element: By.id: email
2026-06-05 17:17:10 [main] INFO  com.tecskool.tests.PersonalInfoPageTest - Scenario 3 passed.
2026-06-05 17:17:10 [main] INFO  com.tecskool.tests.PersonalInfoPageTest - Logging out and quitting browser...
2026-06-05 17:17:10 [main] INFO  com.tecskool.base.BasePage - Checking visibility of element: By.id: logout-btn
2026-06-05 17:17:10 [main] INFO  com.tecskool.base.BasePage - Clicking on element: By.id: logout-btn
2026-06-05 17:17:11 [main] INFO  com.tecskool.tests.PersonalInfoPageTest - Logout button clicked successfully.
2026-06-05 17:17:11 [main] INFO  com.tecskool.factory.DriverFactory - WebDriver quit successfully
2026-06-05 17:26:19 [main] INFO  com.tecskool.tests.DropdownPageTest - Initializing browser session and logging in...
2026-06-05 17:26:19 [main] INFO  com.tecskool.utils.ConfigReader - Loaded config.properties successfully from classpath
2026-06-05 17:26:19 [main] INFO  com.tecskool.factory.DriverFactory - Initializing WebDriver for browser: chrome
2026-06-05 17:26:20 [main] INFO  com.tecskool.factory.DriverFactory - WebDriver initialized successfully with 10 seconds implicit wait
2026-06-05 17:26:21 [main] INFO  com.tecskool.base.BasePage - Typing 'learning@tecskool.com' in element: By.id: username
2026-06-05 17:26:22 [main] INFO  com.tecskool.base.BasePage - Typing 'tecskool123' in element: By.id: password
2026-06-05 17:26:23 [main] INFO  com.tecskool.base.BasePage - Clicking on element: By.id: login-button
2026-06-05 17:26:24 [main] INFO  com.tecskool.tests.DropdownPageTest - Starting testCountryDropdown scenario...
2026-06-05 17:26:24 [main] INFO  com.tecskool.tests.DropdownPageTest - Verifying default selected country...
2026-06-05 17:26:24 [main] INFO  com.tecskool.tests.DropdownPageTest - Selecting India...
2026-06-05 17:26:25 [main] INFO  com.tecskool.tests.DropdownPageTest - testCountryDropdown completed successfully.
2026-06-05 17:26:25 [main] INFO  com.tecskool.tests.DropdownPageTest - Starting testSkillsDropdown scenario...
2026-06-05 17:26:25 [main] INFO  com.tecskool.tests.DropdownPageTest - Verifying initial selected skills is empty...
2026-06-05 17:26:25 [main] INFO  com.tecskool.tests.DropdownPageTest - Selecting skills: Java, Selenium...
2026-06-05 17:26:25 [main] INFO  com.tecskool.tests.DropdownPageTest - Deselecting skill: Java...
2026-06-05 17:26:25 [main] INFO  com.tecskool.tests.DropdownPageTest - testSkillsDropdown completed successfully.
2026-06-05 17:26:25 [main] INFO  com.tecskool.tests.DropdownPageTest - Logging out and quitting browser...
2026-06-05 17:26:25 [main] INFO  com.tecskool.base.BasePage - Checking visibility of element: By.id: logout-btn
2026-06-05 17:26:25 [main] INFO  com.tecskool.base.BasePage - Clicking on element: By.id: logout-btn
2026-06-05 17:26:26 [main] INFO  com.tecskool.tests.DropdownPageTest - Logout button clicked successfully.
2026-06-05 17:26:26 [main] INFO  com.tecskool.factory.DriverFactory - WebDriver quit successfully
2026-06-05 17:26:43 [main] INFO  com.tecskool.tests.DropdownPageTest - Initializing browser session and logging in...
2026-06-05 17:26:43 [main] INFO  com.tecskool.utils.ConfigReader - Loaded config.properties successfully from classpath
2026-06-05 17:26:43 [main] INFO  com.tecskool.factory.DriverFactory - Initializing WebDriver for browser: chrome
2026-06-05 17:26:44 [main] INFO  com.tecskool.factory.DriverFactory - WebDriver initialized successfully with 10 seconds implicit wait
2026-06-05 17:26:45 [main] INFO  com.tecskool.base.BasePage - Typing 'learning@tecskool.com' in element: By.id: username
2026-06-05 17:26:47 [main] INFO  com.tecskool.base.BasePage - Typing 'tecskool123' in element: By.id: password
2026-06-05 17:26:48 [main] INFO  com.tecskool.base.BasePage - Clicking on element: By.id: login-button
2026-06-05 17:26:49 [main] INFO  com.tecskool.tests.DropdownPageTest - Starting testCountryDropdown scenario...
2026-06-05 17:26:49 [main] INFO  com.tecskool.tests.DropdownPageTest - Verifying default selected country...
2026-06-05 17:26:49 [main] INFO  com.tecskool.tests.DropdownPageTest - Selecting India...
2026-06-05 17:26:49 [main] INFO  com.tecskool.tests.DropdownPageTest - testCountryDropdown completed successfully.
2026-06-05 17:26:49 [main] INFO  com.tecskool.tests.DropdownPageTest - Starting testSkillsDropdown scenario...
2026-06-05 17:26:49 [main] INFO  com.tecskool.tests.DropdownPageTest - Verifying initial selected skills is empty...
2026-06-05 17:26:49 [main] INFO  com.tecskool.tests.DropdownPageTest - Selecting skills: Java, Selenium...
2026-06-05 17:26:49 [main] INFO  com.tecskool.tests.DropdownPageTest - Deselecting skill: Java...
2026-06-05 17:26:50 [main] INFO  com.tecskool.tests.DropdownPageTest - testSkillsDropdown completed successfully.
2026-06-05 17:26:50 [main] INFO  com.tecskool.tests.DropdownPageTest - Logging out and quitting browser...
2026-06-05 17:26:50 [main] INFO  com.tecskool.base.BasePage - Checking visibility of element: By.id: logout-btn
2026-06-05 17:26:50 [main] INFO  com.tecskool.base.BasePage - Clicking on element: By.id: logout-btn
2026-06-05 17:26:51 [main] INFO  com.tecskool.tests.DropdownPageTest - Logout button clicked successfully.
2026-06-05 17:26:51 [main] INFO  com.tecskool.factory.DriverFactory - WebDriver quit successfully
2026-06-05 17:27:18 [main] INFO  com.tecskool.tests.DropdownPageTest - Initializing browser session and logging in...
2026-06-05 17:27:18 [main] INFO  com.tecskool.utils.ConfigReader - Loaded config.properties successfully from classpath
2026-06-05 17:27:18 [main] INFO  com.tecskool.factory.DriverFactory - Initializing WebDriver for browser: chrome
2026-06-05 17:27:19 [main] INFO  com.tecskool.factory.DriverFactory - WebDriver initialized successfully with 10 seconds implicit wait
2026-06-05 17:27:20 [main] INFO  com.tecskool.base.BasePage - Typing 'learning@tecskool.com' in element: By.id: username
2026-06-05 17:27:22 [main] INFO  com.tecskool.base.BasePage - Typing 'tecskool123' in element: By.id: password
2026-06-05 17:27:23 [main] INFO  com.tecskool.base.BasePage - Clicking on element: By.id: login-button
2026-06-05 17:27:24 [main] INFO  com.tecskool.tests.DropdownPageTest - Starting testCountryDropdown scenario...
2026-06-05 17:27:24 [main] INFO  com.tecskool.tests.DropdownPageTest - Verifying default selected country...
2026-06-05 17:27:24 [main] INFO  com.tecskool.tests.DropdownPageTest - Selecting India...
2026-06-05 17:27:25 [main] INFO  com.tecskool.tests.DropdownPageTest - testCountryDropdown completed successfully.
2026-06-05 17:27:25 [main] INFO  com.tecskool.tests.DropdownPageTest - Starting testSkillsDropdown scenario...
2026-06-05 17:27:25 [main] INFO  com.tecskool.tests.DropdownPageTest - Verifying initial selected skills is empty...
2026-06-05 17:27:25 [main] INFO  com.tecskool.tests.DropdownPageTest - Selecting skills: Java, Selenium...
2026-06-05 17:27:28 [main] INFO  com.tecskool.tests.DropdownPageTest - Deselecting skill: Java...
2026-06-05 17:27:29 [main] INFO  com.tecskool.tests.DropdownPageTest - testSkillsDropdown completed successfully.
2026-06-05 17:27:29 [main] INFO  com.tecskool.tests.DropdownPageTest - Logging out and quitting browser...
2026-06-05 17:27:29 [main] INFO  com.tecskool.base.BasePage - Checking visibility of element: By.id: logout-btn
2026-06-05 17:27:29 [main] INFO  com.tecskool.base.BasePage - Clicking on element: By.id: logout-btn
2026-06-05 17:27:30 [main] INFO  com.tecskool.tests.DropdownPageTest - Logout button clicked successfully.
2026-06-05 17:27:30 [main] INFO  com.tecskool.factory.DriverFactory - WebDriver quit successfully
2026-06-05 17:27:42 [main] INFO  com.tecskool.tests.DropdownPageTest - Initializing browser session and logging in...
2026-06-05 17:27:42 [main] INFO  com.tecskool.utils.ConfigReader - Loaded config.properties successfully from classpath
2026-06-05 17:27:42 [main] INFO  com.tecskool.factory.DriverFactory - Initializing WebDriver for browser: chrome
2026-06-05 17:27:43 [main] INFO  com.tecskool.factory.DriverFactory - WebDriver initialized successfully with 10 seconds implicit wait
2026-06-05 17:27:44 [main] INFO  com.tecskool.base.BasePage - Typing 'learning@tecskool.com' in element: By.id: username
2026-06-05 17:27:46 [main] INFO  com.tecskool.base.BasePage - Typing 'tecskool123' in element: By.id: password
2026-06-05 17:27:47 [main] INFO  com.tecskool.base.BasePage - Clicking on element: By.id: login-button
2026-06-05 17:27:48 [main] INFO  com.tecskool.tests.DropdownPageTest - Starting testCountryDropdown scenario...
2026-06-05 17:27:48 [main] INFO  com.tecskool.tests.DropdownPageTest - Verifying default selected country...
2026-06-05 17:27:48 [main] INFO  com.tecskool.tests.DropdownPageTest - Selecting India...
2026-06-05 17:27:49 [main] INFO  com.tecskool.tests.DropdownPageTest - testCountryDropdown completed successfully.
2026-06-05 17:27:49 [main] INFO  com.tecskool.tests.DropdownPageTest - Starting testSkillsDropdown scenario...
2026-06-05 17:27:49 [main] INFO  com.tecskool.tests.DropdownPageTest - Verifying initial selected skills is empty...
2026-06-05 17:27:49 [main] INFO  com.tecskool.tests.DropdownPageTest - Selecting skills: Java, Selenium...
2026-06-05 17:27:52 [main] INFO  com.tecskool.tests.DropdownPageTest - Deselecting skill: Java...
2026-06-05 17:27:53 [main] INFO  com.tecskool.tests.DropdownPageTest - testSkillsDropdown completed successfully.
2026-06-05 17:27:53 [main] INFO  com.tecskool.tests.DropdownPageTest - Logging out and quitting browser...
2026-06-05 17:27:53 [main] INFO  com.tecskool.base.BasePage - Checking visibility of element: By.id: logout-btn
2026-06-05 17:27:53 [main] INFO  com.tecskool.base.BasePage - Clicking on element: By.id: logout-btn
2026-06-05 17:27:54 [main] INFO  com.tecskool.tests.DropdownPageTest - Logout button clicked successfully.
2026-06-05 17:27:54 [main] INFO  com.tecskool.factory.DriverFactory - WebDriver quit successfully
2026-06-05 17:40:15 [main] INFO  com.tecskool.tests.AutoSuggestionPageTest - Initializing browser session and logging in...
2026-06-05 17:40:15 [main] INFO  com.tecskool.utils.ConfigReader - Loaded config.properties successfully from classpath
2026-06-05 17:40:15 [main] INFO  com.tecskool.factory.DriverFactory - Initializing WebDriver for browser: chrome
2026-06-05 17:40:17 [main] INFO  com.tecskool.factory.DriverFactory - WebDriver initialized successfully with 10 seconds implicit wait
2026-06-05 17:40:18 [main] INFO  com.tecskool.base.BasePage - Typing 'learning@tecskool.com' in element: By.id: username
2026-06-05 17:40:19 [main] INFO  com.tecskool.base.BasePage - Typing 'tecskool123' in element: By.id: password
2026-06-05 17:40:20 [main] INFO  com.tecskool.base.BasePage - Clicking on element: By.id: login-button
2026-06-05 17:40:21 [main] INFO  com.tecskool.tests.AutoSuggestionPageTest - Starting testSuggestionsMatching scenario...
2026-06-05 17:40:21 [main] INFO  com.tecskool.tests.AutoSuggestionPageTest - Typing search keyword 'J'...
2026-06-05 17:40:21 [main] INFO  com.tecskool.base.BasePage - Typing 'J' in element: By.id: programming-lang
2026-06-05 17:40:22 [main] INFO  com.tecskool.tests.AutoSuggestionPageTest - Verifying suggestions list contains JavaScript and Java...
2026-06-05 17:40:22 [main] INFO  com.tecskool.tests.AutoSuggestionPageTest - testSuggestionsMatching completed successfully.
2026-06-05 17:40:22 [main] INFO  com.tecskool.tests.AutoSuggestionPageTest - Starting testSelectSuggestion scenario...
2026-06-05 17:40:22 [main] INFO  com.tecskool.tests.AutoSuggestionPageTest - Typing search keyword 'P'...
2026-06-05 17:40:22 [main] INFO  com.tecskool.base.BasePage - Typing 'P' in element: By.id: programming-lang
2026-06-05 17:40:24 [main] INFO  com.tecskool.tests.AutoSuggestionPageTest - Selecting 'Python' from suggestions...
2026-06-05 17:40:39 [main] INFO  com.tecskool.tests.AutoSuggestionPageTest - Logging out and quitting browser...
2026-06-05 17:40:39 [main] INFO  com.tecskool.base.BasePage - Checking visibility of element: By.id: logout-btn
2026-06-05 17:40:39 [main] INFO  com.tecskool.base.BasePage - Clicking on element: By.id: logout-btn
2026-06-05 17:40:40 [main] INFO  com.tecskool.tests.AutoSuggestionPageTest - Logout button clicked successfully.
2026-06-05 17:40:40 [main] INFO  com.tecskool.factory.DriverFactory - WebDriver quit successfully
2026-06-05 17:40:59 [main] INFO  com.tecskool.tests.AutoSuggestionPageTest - Initializing browser session and logging in...
2026-06-05 17:40:59 [main] INFO  com.tecskool.utils.ConfigReader - Loaded config.properties successfully from classpath
2026-06-05 17:40:59 [main] INFO  com.tecskool.factory.DriverFactory - Initializing WebDriver for browser: chrome
2026-06-05 17:41:01 [main] INFO  com.tecskool.factory.DriverFactory - WebDriver initialized successfully with 10 seconds implicit wait
2026-06-05 17:41:02 [main] INFO  com.tecskool.base.BasePage - Typing 'learning@tecskool.com' in element: By.id: username
2026-06-05 17:41:03 [main] INFO  com.tecskool.base.BasePage - Typing 'tecskool123' in element: By.id: password
2026-06-05 17:41:04 [main] INFO  com.tecskool.base.BasePage - Clicking on element: By.id: login-button
2026-06-05 17:41:06 [main] INFO  com.tecskool.tests.AutoSuggestionPageTest - Starting testSuggestionsMatching scenario...
2026-06-05 17:41:06 [main] INFO  com.tecskool.tests.AutoSuggestionPageTest - Typing search keyword 'J'...
2026-06-05 17:41:07 [main] INFO  com.tecskool.tests.AutoSuggestionPageTest - Verifying suggestions list contains JavaScript and Java...
2026-06-05 17:41:07 [main] INFO  com.tecskool.tests.AutoSuggestionPageTest - testSuggestionsMatching completed successfully.
2026-06-05 17:41:07 [main] INFO  com.tecskool.tests.AutoSuggestionPageTest - Starting testSelectSuggestion scenario...
2026-06-05 17:41:07 [main] INFO  com.tecskool.tests.AutoSuggestionPageTest - Typing search keyword 'P'...
2026-06-05 17:41:08 [main] INFO  com.tecskool.tests.AutoSuggestionPageTest - Selecting 'Python' from suggestions...
2026-06-05 17:41:09 [main] INFO  com.tecskool.tests.AutoSuggestionPageTest - Verifying input value matches selected item...
2026-06-05 17:41:09 [main] INFO  com.tecskool.base.BasePage - Getting attribute 'value' from element: By.id: programming-lang
2026-06-05 17:41:09 [main] INFO  com.tecskool.tests.AutoSuggestionPageTest - Verifying that suggestions box is hidden...
2026-06-05 17:41:09 [main] INFO  com.tecskool.base.BasePage - Checking visibility of element: By.id: suggestions
2026-06-05 17:41:25 [main] WARN  com.tecskool.base.BasePage - Element not displayed: By.id: suggestions. Exception: Expected condition failed: waiting for visibility of element located by By.id: suggestions (tried for 15 second(s) with 500 milliseconds interval)
Build info: version: '4.21.0', revision: '79ed462ef4'
System info: os.name: 'Windows 11', os.arch: 'amd64', os.version: '10.0', java.version: '21.0.10'
Driver info: org.openqa.selenium.chrome.ChromeDriver
Capabilities {acceptInsecureCerts: false, browserName: chrome, browserVersion: 148.0.7778.218, chrome: {chromedriverVersion: 148.0.7778.178 (d096af1c9e9..., userDataDir: C:\Users\Yashna\AppData\Loc...}, fedcm:accounts: true, goog:chromeOptions: {debuggerAddress: localhost:61164}, goog:processID: 24392, networkConnectionEnabled: false, pageLoadStrategy: normal, platformName: windows, proxy: Proxy(), se:cdp: ws://localhost:61164/devtoo..., se:cdpVersion: 148.0.7778.218, setWindowRect: true, strictFileInteractability: false, timeouts: {implicit: 0, pageLoad: 300000, script: 30000}, unhandledPromptBehavior: dismiss and notify, webauthn:extension:credBlob: true, webauthn:extension:largeBlob: true, webauthn:extension:minPinLength: true, webauthn:extension:prf: true, webauthn:virtualAuthenticators: true}
Session ID: a6a34ef42da0a21b7d417261f34b0ec0
2026-06-05 17:41:25 [main] INFO  com.tecskool.tests.AutoSuggestionPageTest - testSelectSuggestion completed successfully.
2026-06-05 17:41:25 [main] INFO  com.tecskool.tests.AutoSuggestionPageTest - Logging out and quitting browser...
2026-06-05 17:41:25 [main] INFO  com.tecskool.base.BasePage - Checking visibility of element: By.id: logout-btn
2026-06-05 17:41:25 [main] INFO  com.tecskool.base.BasePage - Clicking on element: By.id: logout-btn
2026-06-05 17:41:26 [main] INFO  com.tecskool.tests.AutoSuggestionPageTest - Logout button clicked successfully.
2026-06-05 17:41:26 [main] INFO  com.tecskool.factory.DriverFactory - WebDriver quit successfully
2026-06-05 17:41:43 [main] INFO  com.tecskool.tests.AutoSuggestionPageTest - Initializing browser session and logging in...
2026-06-05 17:41:43 [main] INFO  com.tecskool.utils.ConfigReader - Loaded config.properties successfully from classpath
2026-06-05 17:41:43 [main] INFO  com.tecskool.factory.DriverFactory - Initializing WebDriver for browser: chrome
2026-06-05 17:41:45 [main] INFO  com.tecskool.factory.DriverFactory - WebDriver initialized successfully with 10 seconds implicit wait
2026-06-05 17:41:46 [main] INFO  com.tecskool.base.BasePage - Typing 'learning@tecskool.com' in element: By.id: username
2026-06-05 17:41:47 [main] INFO  com.tecskool.base.BasePage - Typing 'tecskool123' in element: By.id: password
2026-06-05 17:41:48 [main] INFO  com.tecskool.base.BasePage - Clicking on element: By.id: login-button
2026-06-05 17:41:49 [main] INFO  com.tecskool.tests.AutoSuggestionPageTest - Starting testSuggestionsMatching scenario...
2026-06-05 17:41:49 [main] INFO  com.tecskool.tests.AutoSuggestionPageTest - Typing search keyword 'J'...
2026-06-05 17:41:50 [main] INFO  com.tecskool.tests.AutoSuggestionPageTest - Verifying suggestions list contains JavaScript and Java...
2026-06-05 17:41:50 [main] INFO  com.tecskool.tests.AutoSuggestionPageTest - testSuggestionsMatching completed successfully.
2026-06-05 17:41:50 [main] INFO  com.tecskool.tests.AutoSuggestionPageTest - Starting testSelectSuggestion scenario...
2026-06-05 17:41:51 [main] INFO  com.tecskool.tests.AutoSuggestionPageTest - Typing search keyword 'P'...
2026-06-05 17:41:52 [main] INFO  com.tecskool.tests.AutoSuggestionPageTest - Selecting 'Python' from suggestions...
2026-06-05 17:41:53 [main] INFO  com.tecskool.tests.AutoSuggestionPageTest - Verifying input value matches selected item...
2026-06-05 17:41:53 [main] INFO  com.tecskool.base.BasePage - Getting attribute 'value' from element: By.id: programming-lang
2026-06-05 17:41:53 [main] INFO  com.tecskool.tests.AutoSuggestionPageTest - Verifying that suggestions box is hidden...
2026-06-05 17:41:53 [main] INFO  com.tecskool.base.BasePage - Checking visibility of element: By.id: suggestions
2026-06-05 17:41:53 [main] INFO  com.tecskool.tests.AutoSuggestionPageTest - testSelectSuggestion completed successfully.
2026-06-05 17:41:53 [main] INFO  com.tecskool.tests.AutoSuggestionPageTest - Logging out and quitting browser...
2026-06-05 17:41:53 [main] INFO  com.tecskool.base.BasePage - Checking visibility of element: By.id: logout-btn
2026-06-05 17:41:53 [main] INFO  com.tecskool.base.BasePage - Clicking on element: By.id: logout-btn
2026-06-05 17:41:54 [main] INFO  com.tecskool.tests.AutoSuggestionPageTest - Logout button clicked successfully.
2026-06-05 17:41:54 [main] INFO  com.tecskool.factory.DriverFactory - WebDriver quit successfully
2026-06-05 17:45:35 [main] INFO  com.tecskool.tests.AutoSuggestionPageTest - Initializing browser session and logging in...
2026-06-05 17:45:35 [main] INFO  com.tecskool.utils.ConfigReader - Loaded config.properties successfully from classpath
2026-06-05 17:45:35 [main] INFO  com.tecskool.factory.DriverFactory - Initializing WebDriver for browser: chrome
2026-06-05 17:45:36 [main] INFO  com.tecskool.factory.DriverFactory - WebDriver initialized successfully with 10 seconds implicit wait
2026-06-05 17:45:37 [main] INFO  com.tecskool.base.BasePage - Typing 'learning@tecskool.com' in element: By.id: username
2026-06-05 17:45:38 [main] INFO  com.tecskool.base.BasePage - Typing 'tecskool123' in element: By.id: password
2026-06-05 17:45:39 [main] INFO  com.tecskool.base.BasePage - Clicking on element: By.id: login-button
2026-06-05 17:45:40 [main] INFO  com.tecskool.tests.AutoSuggestionPageTest - Starting testSuggestionsMatching scenario...
2026-06-05 17:45:40 [main] INFO  com.tecskool.tests.AutoSuggestionPageTest - Typing search keyword 'J'...
2026-06-05 17:45:41 [main] INFO  com.tecskool.tests.AutoSuggestionPageTest - Verifying suggestions list contains JavaScript and Java...
2026-06-05 17:45:42 [main] INFO  com.tecskool.tests.AutoSuggestionPageTest - testSuggestionsMatching completed successfully.
2026-06-05 17:45:42 [main] INFO  com.tecskool.tests.AutoSuggestionPageTest - Starting testSelectSuggestion scenario...
2026-06-05 17:45:42 [main] INFO  com.tecskool.tests.AutoSuggestionPageTest - Typing search keyword 'P'...
2026-06-05 17:45:43 [main] INFO  com.tecskool.tests.AutoSuggestionPageTest - Selecting 'Python' from suggestions...
2026-06-05 17:45:44 [main] INFO  com.tecskool.tests.AutoSuggestionPageTest - Verifying input value matches selected item...
2026-06-05 17:45:44 [main] INFO  com.tecskool.base.BasePage - Getting attribute 'value' from element: By.id: programming-lang
2026-06-05 17:45:44 [main] INFO  com.tecskool.tests.AutoSuggestionPageTest - Verifying that suggestions box is hidden...
2026-06-05 17:45:44 [main] INFO  com.tecskool.base.BasePage - Checking visibility of element: By.id: suggestions
2026-06-05 17:45:44 [main] INFO  com.tecskool.tests.AutoSuggestionPageTest - testSelectSuggestion completed successfully.
2026-06-05 17:45:44 [main] INFO  com.tecskool.tests.AutoSuggestionPageTest - Logging out and quitting browser...
2026-06-05 17:45:44 [main] INFO  com.tecskool.base.BasePage - Checking visibility of element: By.id: logout-btn
2026-06-05 17:45:44 [main] INFO  com.tecskool.base.BasePage - Clicking on element: By.id: logout-btn
2026-06-05 17:45:45 [main] INFO  com.tecskool.tests.AutoSuggestionPageTest - Logout button clicked successfully.
2026-06-05 17:45:45 [main] INFO  com.tecskool.factory.DriverFactory - WebDriver quit successfully
2026-06-05 18:05:02 [main] INFO  com.tecskool.tests.ButtonControlsPageTest - Initializing browser session and logging in...
2026-06-05 18:05:02 [main] INFO  com.tecskool.utils.ConfigReader - Loaded config.properties successfully from classpath
2026-06-05 18:05:02 [main] INFO  com.tecskool.factory.DriverFactory - Initializing WebDriver for browser: chrome
2026-06-05 18:05:04 [main] INFO  com.tecskool.factory.DriverFactory - WebDriver initialized successfully with 10 seconds implicit wait
2026-06-05 18:05:05 [main] INFO  com.tecskool.base.BasePage - Typing 'learning@tecskool.com' in element: By.id: username
2026-06-05 18:05:06 [main] INFO  com.tecskool.base.BasePage - Typing 'tecskool123' in element: By.id: password
2026-06-05 18:05:07 [main] INFO  com.tecskool.base.BasePage - Clicking on element: By.id: login-button
2026-06-05 18:05:08 [main] INFO  com.tecskool.tests.ButtonControlsPageTest - Starting testTargetButtonInitiallyDisabled...
2026-06-05 18:05:08 [main] INFO  com.tecskool.base.BasePage - Getting text from element: By.id: target-btn
2026-06-05 18:05:08 [main] INFO  com.tecskool.tests.ButtonControlsPageTest - testTargetButtonInitiallyDisabled completed successfully.
2026-06-05 18:05:08 [main] INFO  com.tecskool.tests.ButtonControlsPageTest - Starting testEnableButton...
2026-06-05 18:05:08 [main] INFO  com.tecskool.tests.ButtonControlsPageTest - Clicking Enable Button...
2026-06-05 18:05:08 [main] INFO  com.tecskool.base.BasePage - Clicking on element: By.id: enable-btn
2026-06-05 18:05:09 [main] INFO  com.tecskool.tests.ButtonControlsPageTest - Verifying Target Button is enabled...
2026-06-05 18:05:09 [main] INFO  com.tecskool.tests.ButtonControlsPageTest - Verifying text changed to 'Enabled Button'...
2026-06-05 18:05:09 [main] INFO  com.tecskool.base.BasePage - Getting text from element: By.id: target-btn
2026-06-05 18:05:09 [main] INFO  com.tecskool.tests.ButtonControlsPageTest - Verifying color is green...
2026-06-05 18:05:09 [main] INFO  com.tecskool.base.BasePage - Getting attribute 'class' from element: By.id: target-btn
2026-06-05 18:05:09 [main] INFO  com.tecskool.tests.ButtonControlsPageTest - Target Button class: btn btn-success, background-color: rgba(39, 174, 96, 1)
2026-06-05 18:05:09 [main] INFO  com.tecskool.tests.ButtonControlsPageTest - Logging out and quitting browser...
2026-06-05 18:05:09 [main] INFO  com.tecskool.base.BasePage - Checking visibility of element: By.id: logout-btn
2026-06-05 18:05:09 [main] INFO  com.tecskool.base.BasePage - Clicking on element: By.id: logout-btn
2026-06-05 18:05:10 [main] INFO  com.tecskool.tests.ButtonControlsPageTest - Logout button clicked successfully.
2026-06-05 18:05:11 [main] INFO  com.tecskool.factory.DriverFactory - WebDriver quit successfully
2026-06-05 18:05:22 [main] INFO  com.tecskool.tests.ButtonControlsPageTest - Initializing browser session and logging in...
2026-06-05 18:05:22 [main] INFO  com.tecskool.utils.ConfigReader - Loaded config.properties successfully from classpath
2026-06-05 18:05:22 [main] INFO  com.tecskool.factory.DriverFactory - Initializing WebDriver for browser: chrome
2026-06-05 18:05:24 [main] INFO  com.tecskool.factory.DriverFactory - WebDriver initialized successfully with 10 seconds implicit wait
2026-06-05 18:05:25 [main] INFO  com.tecskool.base.BasePage - Typing 'learning@tecskool.com' in element: By.id: username
2026-06-05 18:05:26 [main] INFO  com.tecskool.base.BasePage - Typing 'tecskool123' in element: By.id: password
2026-06-05 18:05:27 [main] INFO  com.tecskool.base.BasePage - Clicking on element: By.id: login-button
2026-06-05 18:05:28 [main] INFO  com.tecskool.tests.ButtonControlsPageTest - Starting testTargetButtonInitiallyDisabled...
2026-06-05 18:05:28 [main] INFO  com.tecskool.base.BasePage - Getting text from element: By.id: target-btn
2026-06-05 18:05:28 [main] INFO  com.tecskool.tests.ButtonControlsPageTest - testTargetButtonInitiallyDisabled completed successfully.
2026-06-05 18:05:28 [main] INFO  com.tecskool.tests.ButtonControlsPageTest - Starting testEnableButton...
2026-06-05 18:05:28 [main] INFO  com.tecskool.tests.ButtonControlsPageTest - Clicking Enable Button...
2026-06-05 18:05:28 [main] INFO  com.tecskool.base.BasePage - Clicking on element: By.id: enable-btn
2026-06-05 18:05:29 [main] INFO  com.tecskool.tests.ButtonControlsPageTest - Verifying Target Button is enabled...
2026-06-05 18:05:29 [main] INFO  com.tecskool.tests.ButtonControlsPageTest - Verifying text changed to 'Enabled Button'...
2026-06-05 18:05:29 [main] INFO  com.tecskool.base.BasePage - Getting text from element: By.id: target-btn
2026-06-05 18:05:29 [main] INFO  com.tecskool.tests.ButtonControlsPageTest - Verifying color is green...
2026-06-05 18:05:29 [main] INFO  com.tecskool.base.BasePage - Getting attribute 'class' from element: By.id: target-btn
2026-06-05 18:05:29 [main] INFO  com.tecskool.tests.ButtonControlsPageTest - Target Button class: btn btn-success, background-color: rgba(39, 174, 96, 1)
2026-06-05 18:05:29 [main] INFO  com.tecskool.tests.ButtonControlsPageTest - testEnableButton completed successfully.
2026-06-05 18:05:29 [main] INFO  com.tecskool.tests.ButtonControlsPageTest - Starting testDisableButton...
2026-06-05 18:05:29 [main] INFO  com.tecskool.tests.ButtonControlsPageTest - Clicking Disable Button...
2026-06-05 18:05:29 [main] INFO  com.tecskool.base.BasePage - Clicking on element: By.id: disable-btn
2026-06-05 18:05:30 [main] INFO  com.tecskool.tests.ButtonControlsPageTest - Verifying Target Button is disabled...
2026-06-05 18:05:30 [main] INFO  com.tecskool.tests.ButtonControlsPageTest - Verifying text changed to 'Target Button'...
2026-06-05 18:05:30 [main] INFO  com.tecskool.base.BasePage - Getting text from element: By.id: target-btn
2026-06-05 18:05:30 [main] INFO  com.tecskool.tests.ButtonControlsPageTest - Verifying color is returned to default (no green color)...
2026-06-05 18:05:30 [main] INFO  com.tecskool.base.BasePage - Getting attribute 'class' from element: By.id: target-btn
2026-06-05 18:05:31 [main] INFO  com.tecskool.tests.ButtonControlsPageTest - Target Button class: btn btn-success, background-color: rgba(189, 195, 199, 1)
2026-06-05 18:05:31 [main] INFO  com.tecskool.tests.ButtonControlsPageTest - Logging out and quitting browser...
2026-06-05 18:05:31 [main] INFO  com.tecskool.base.BasePage - Checking visibility of element: By.id: logout-btn
2026-06-05 18:05:31 [main] INFO  com.tecskool.base.BasePage - Clicking on element: By.id: logout-btn
2026-06-05 18:05:32 [main] INFO  com.tecskool.tests.ButtonControlsPageTest - Logout button clicked successfully.
2026-06-05 18:05:32 [main] INFO  com.tecskool.factory.DriverFactory - WebDriver quit successfully
2026-06-05 18:05:45 [main] INFO  com.tecskool.tests.ButtonControlsPageTest - Initializing browser session and logging in...
2026-06-05 18:05:45 [main] INFO  com.tecskool.utils.ConfigReader - Loaded config.properties successfully from classpath
2026-06-05 18:05:45 [main] INFO  com.tecskool.factory.DriverFactory - Initializing WebDriver for browser: chrome
2026-06-05 18:05:46 [main] INFO  com.tecskool.factory.DriverFactory - WebDriver initialized successfully with 10 seconds implicit wait
2026-06-05 18:05:47 [main] INFO  com.tecskool.base.BasePage - Typing 'learning@tecskool.com' in element: By.id: username
2026-06-05 18:05:48 [main] INFO  com.tecskool.base.BasePage - Typing 'tecskool123' in element: By.id: password
2026-06-05 18:05:49 [main] INFO  com.tecskool.base.BasePage - Clicking on element: By.id: login-button
2026-06-05 18:05:50 [main] INFO  com.tecskool.tests.ButtonControlsPageTest - Starting testTargetButtonInitiallyDisabled...
2026-06-05 18:05:50 [main] INFO  com.tecskool.base.BasePage - Getting text from element: By.id: target-btn
2026-06-05 18:05:50 [main] INFO  com.tecskool.tests.ButtonControlsPageTest - testTargetButtonInitiallyDisabled completed successfully.
2026-06-05 18:05:50 [main] INFO  com.tecskool.tests.ButtonControlsPageTest - Starting testEnableButton...
2026-06-05 18:05:50 [main] INFO  com.tecskool.tests.ButtonControlsPageTest - Clicking Enable Button...
2026-06-05 18:05:50 [main] INFO  com.tecskool.base.BasePage - Clicking on element: By.id: enable-btn
2026-06-05 18:05:51 [main] INFO  com.tecskool.tests.ButtonControlsPageTest - Verifying Target Button is enabled...
2026-06-05 18:05:51 [main] INFO  com.tecskool.tests.ButtonControlsPageTest - Verifying text changed to 'Enabled Button'...
2026-06-05 18:05:51 [main] INFO  com.tecskool.base.BasePage - Getting text from element: By.id: target-btn
2026-06-05 18:05:52 [main] INFO  com.tecskool.tests.ButtonControlsPageTest - Verifying color is green...
2026-06-05 18:05:52 [main] INFO  com.tecskool.base.BasePage - Getting attribute 'class' from element: By.id: target-btn
2026-06-05 18:05:52 [main] INFO  com.tecskool.tests.ButtonControlsPageTest - Target Button class: btn btn-success, background-color: rgba(39, 174, 96, 1)
2026-06-05 18:05:52 [main] INFO  com.tecskool.tests.ButtonControlsPageTest - testEnableButton completed successfully.
2026-06-05 18:05:52 [main] INFO  com.tecskool.tests.ButtonControlsPageTest - Starting testDisableButton...
2026-06-05 18:05:52 [main] INFO  com.tecskool.tests.ButtonControlsPageTest - Clicking Disable Button...
2026-06-05 18:05:52 [main] INFO  com.tecskool.base.BasePage - Clicking on element: By.id: disable-btn
2026-06-05 18:05:53 [main] INFO  com.tecskool.tests.ButtonControlsPageTest - Verifying Target Button is disabled...
2026-06-05 18:05:53 [main] INFO  com.tecskool.tests.ButtonControlsPageTest - Verifying text changed to 'Target Button'...
2026-06-05 18:05:53 [main] INFO  com.tecskool.base.BasePage - Getting text from element: By.id: target-btn
2026-06-05 18:05:53 [main] INFO  com.tecskool.tests.ButtonControlsPageTest - Verifying color is returned to default (no green color)...
2026-06-05 18:05:53 [main] INFO  com.tecskool.base.BasePage - Getting attribute 'class' from element: By.id: target-btn
2026-06-05 18:05:53 [main] INFO  com.tecskool.tests.ButtonControlsPageTest - Target Button class: btn btn-success, background-color: rgba(189, 195, 199, 1)
2026-06-05 18:05:53 [main] INFO  com.tecskool.tests.ButtonControlsPageTest - testDisableButton completed successfully.
2026-06-05 18:05:53 [main] INFO  com.tecskool.tests.ButtonControlsPageTest - Starting testLoadContent...
2026-06-05 18:05:53 [main] INFO  com.tecskool.tests.ButtonControlsPageTest - Clicking Load Content button...
2026-06-05 18:05:53 [main] INFO  com.tecskool.base.BasePage - Clicking on element: By.id: load-btn
2026-06-05 18:05:54 [main] INFO  com.tecskool.tests.ButtonControlsPageTest - Waiting for message to appear and verifying text...
2026-06-05 18:05:54 [main] INFO  com.tecskool.base.BasePage - Getting text from element: By.id: msg
2026-06-05 18:06:14 [main] INFO  com.tecskool.tests.ButtonControlsPageTest - Logging out and quitting browser...
2026-06-05 18:06:14 [main] INFO  com.tecskool.base.BasePage - Checking visibility of element: By.id: logout-btn
2026-06-05 18:06:14 [main] INFO  com.tecskool.base.BasePage - Clicking on element: By.id: logout-btn
2026-06-05 18:06:16 [main] INFO  com.tecskool.tests.ButtonControlsPageTest - Logout button clicked successfully.
2026-06-05 18:06:16 [main] INFO  com.tecskool.factory.DriverFactory - WebDriver quit successfully
2026-06-05 18:11:58 [main] INFO  com.tecskool.tests.ButtonControlsPageTest - Initializing browser session and logging in...
2026-06-05 18:11:58 [main] INFO  com.tecskool.utils.ConfigReader - Loaded config.properties successfully from classpath
2026-06-05 18:11:58 [main] INFO  com.tecskool.factory.DriverFactory - Initializing WebDriver for browser: chrome
2026-06-05 18:11:59 [main] INFO  com.tecskool.factory.DriverFactory - WebDriver initialized successfully with 10 seconds implicit wait
2026-06-05 18:12:00 [main] INFO  com.tecskool.base.BasePage - Typing 'learning@tecskool.com' in element: By.id: username
2026-06-05 18:12:02 [main] INFO  com.tecskool.base.BasePage - Typing 'tecskool123' in element: By.id: password
2026-06-05 18:12:03 [main] INFO  com.tecskool.base.BasePage - Clicking on element: By.id: login-button
2026-06-05 18:12:04 [main] INFO  com.tecskool.tests.ButtonControlsPageTest - Starting testTargetButtonInitiallyDisabled...
2026-06-05 18:12:04 [main] INFO  com.tecskool.base.BasePage - Getting text from element: By.id: target-btn
2026-06-05 18:12:04 [main] INFO  com.tecskool.tests.ButtonControlsPageTest - testTargetButtonInitiallyDisabled completed successfully.
2026-06-05 18:12:04 [main] INFO  com.tecskool.tests.ButtonControlsPageTest - Starting testEnableButton...
2026-06-05 18:12:04 [main] INFO  com.tecskool.tests.ButtonControlsPageTest - Clicking Enable Button...
2026-06-05 18:12:04 [main] INFO  com.tecskool.base.BasePage - Clicking on element: By.id: enable-btn
2026-06-05 18:12:05 [main] INFO  com.tecskool.tests.ButtonControlsPageTest - Verifying Target Button is enabled...
2026-06-05 18:12:05 [main] INFO  com.tecskool.tests.ButtonControlsPageTest - Verifying text changed to 'Enabled Button'...
2026-06-05 18:12:05 [main] INFO  com.tecskool.base.BasePage - Getting text from element: By.id: target-btn
2026-06-05 18:12:05 [main] INFO  com.tecskool.tests.ButtonControlsPageTest - Verifying color is green...
2026-06-05 18:12:05 [main] INFO  com.tecskool.base.BasePage - Getting attribute 'class' from element: By.id: target-btn
2026-06-05 18:12:05 [main] INFO  com.tecskool.tests.ButtonControlsPageTest - Target Button class: btn btn-success, background-color: rgba(39, 174, 96, 1)
2026-06-05 18:12:05 [main] INFO  com.tecskool.tests.ButtonControlsPageTest - testEnableButton completed successfully.
2026-06-05 18:12:05 [main] INFO  com.tecskool.tests.ButtonControlsPageTest - Starting testDisableButton...
2026-06-05 18:12:05 [main] INFO  com.tecskool.tests.ButtonControlsPageTest - Clicking Disable Button...
2026-06-05 18:12:05 [main] INFO  com.tecskool.base.BasePage - Clicking on element: By.id: disable-btn
2026-06-05 18:12:06 [main] INFO  com.tecskool.tests.ButtonControlsPageTest - Verifying Target Button is disabled...
2026-06-05 18:12:06 [main] INFO  com.tecskool.tests.ButtonControlsPageTest - Verifying text changed to 'Target Button'...
2026-06-05 18:12:06 [main] INFO  com.tecskool.base.BasePage - Getting text from element: By.id: target-btn
2026-06-05 18:12:06 [main] INFO  com.tecskool.tests.ButtonControlsPageTest - Verifying color is returned to default (no green color)...
2026-06-05 18:12:06 [main] INFO  com.tecskool.base.BasePage - Getting attribute 'class' from element: By.id: target-btn
2026-06-05 18:12:06 [main] INFO  com.tecskool.tests.ButtonControlsPageTest - Target Button class: btn btn-success, background-color: rgba(189, 195, 199, 1)
2026-06-05 18:12:06 [main] INFO  com.tecskool.tests.ButtonControlsPageTest - testDisableButton completed successfully.
2026-06-05 18:12:06 [main] INFO  com.tecskool.tests.ButtonControlsPageTest - Starting testLoadContent...
2026-06-05 18:12:06 [main] INFO  com.tecskool.tests.ButtonControlsPageTest - Clicking Load Content button...
2026-06-05 18:12:06 [main] INFO  com.tecskool.base.BasePage - Clicking on element: By.id: load-btn
2026-06-05 18:12:07 [main] INFO  com.tecskool.tests.ButtonControlsPageTest - Waiting for message to appear and verifying text...
2026-06-05 18:12:07 [main] INFO  com.tecskool.base.BasePage - Getting text from element: By.id: loaded-content
2026-06-05 18:12:10 [main] INFO  com.tecskool.base.BasePage - Checking visibility of element: By.id: loaded-content
2026-06-05 18:12:10 [main] INFO  com.tecskool.tests.ButtonControlsPageTest - testLoadContent completed successfully.
2026-06-05 18:12:10 [main] INFO  com.tecskool.tests.ButtonControlsPageTest - Starting testLoadedContentAfterEnableClick...
2026-06-05 18:12:10 [main] INFO  com.tecskool.tests.ButtonControlsPageTest - Clicking Enable Button while message is displayed...
2026-06-05 18:12:10 [main] INFO  com.tecskool.base.BasePage - Clicking on element: By.id: enable-btn
2026-06-05 18:12:11 [main] INFO  com.tecskool.tests.ButtonControlsPageTest - Checking if message still shows...
2026-06-05 18:12:11 [main] INFO  com.tecskool.base.BasePage - Checking visibility of element: By.id: loaded-content
2026-06-05 18:12:11 [main] INFO  com.tecskool.tests.ButtonControlsPageTest - Logging out and quitting browser...
2026-06-05 18:12:11 [main] INFO  com.tecskool.base.BasePage - Checking visibility of element: By.id: logout-btn
2026-06-05 18:12:11 [main] INFO  com.tecskool.base.BasePage - Clicking on element: By.id: logout-btn
2026-06-05 18:12:12 [main] INFO  com.tecskool.tests.ButtonControlsPageTest - Logout button clicked successfully.
2026-06-05 18:12:12 [main] INFO  com.tecskool.factory.DriverFactory - WebDriver quit successfully
2026-06-05 18:12:35 [main] INFO  com.tecskool.tests.ButtonControlsPageTest - Initializing browser session and logging in...
2026-06-05 18:12:35 [main] INFO  com.tecskool.utils.ConfigReader - Loaded config.properties successfully from classpath
2026-06-05 18:12:35 [main] INFO  com.tecskool.factory.DriverFactory - Initializing WebDriver for browser: chrome
2026-06-05 18:12:37 [main] INFO  com.tecskool.factory.DriverFactory - WebDriver initialized successfully with 10 seconds implicit wait
2026-06-05 18:12:38 [main] INFO  com.tecskool.base.BasePage - Typing 'learning@tecskool.com' in element: By.id: username
2026-06-05 18:12:40 [main] INFO  com.tecskool.base.BasePage - Typing 'tecskool123' in element: By.id: password
2026-06-05 18:12:42 [main] INFO  com.tecskool.base.BasePage - Clicking on element: By.id: login-button
2026-06-05 18:12:45 [main] INFO  com.tecskool.tests.ButtonControlsPageTest - Starting testTargetButtonInitiallyDisabled...
2026-06-05 18:12:45 [main] INFO  com.tecskool.base.BasePage - Getting text from element: By.id: target-btn
2026-06-05 18:12:45 [main] INFO  com.tecskool.tests.ButtonControlsPageTest - testTargetButtonInitiallyDisabled completed successfully.
2026-06-05 18:12:45 [main] INFO  com.tecskool.tests.ButtonControlsPageTest - Starting testEnableButton...
2026-06-05 18:12:45 [main] INFO  com.tecskool.tests.ButtonControlsPageTest - Clicking Enable Button...
2026-06-05 18:12:45 [main] INFO  com.tecskool.base.BasePage - Clicking on element: By.id: enable-btn
2026-06-05 18:12:47 [main] INFO  com.tecskool.tests.ButtonControlsPageTest - Verifying Target Button is enabled...
2026-06-05 18:12:47 [main] INFO  com.tecskool.tests.ButtonControlsPageTest - Verifying text changed to 'Enabled Button'...
2026-06-05 18:12:47 [main] INFO  com.tecskool.base.BasePage - Getting text from element: By.id: target-btn
2026-06-05 18:12:47 [main] INFO  com.tecskool.tests.ButtonControlsPageTest - Verifying color is green...
2026-06-05 18:12:47 [main] INFO  com.tecskool.base.BasePage - Getting attribute 'class' from element: By.id: target-btn
2026-06-05 18:12:47 [main] INFO  com.tecskool.tests.ButtonControlsPageTest - Target Button class: btn btn-success, background-color: rgba(39, 174, 96, 1)
2026-06-05 18:12:47 [main] INFO  com.tecskool.tests.ButtonControlsPageTest - testEnableButton completed successfully.
2026-06-05 18:12:47 [main] INFO  com.tecskool.tests.ButtonControlsPageTest - Starting testDisableButton...
2026-06-05 18:12:47 [main] INFO  com.tecskool.tests.ButtonControlsPageTest - Clicking Disable Button...
2026-06-05 18:12:47 [main] INFO  com.tecskool.base.BasePage - Clicking on element: By.id: disable-btn
2026-06-05 18:12:49 [main] INFO  com.tecskool.tests.ButtonControlsPageTest - Verifying Target Button is disabled...
2026-06-05 18:12:49 [main] INFO  com.tecskool.tests.ButtonControlsPageTest - Verifying text changed to 'Target Button'...
2026-06-05 18:12:49 [main] INFO  com.tecskool.base.BasePage - Getting text from element: By.id: target-btn
2026-06-05 18:12:49 [main] INFO  com.tecskool.tests.ButtonControlsPageTest - Verifying color is returned to default (no green color)...
2026-06-05 18:12:49 [main] INFO  com.tecskool.base.BasePage - Getting attribute 'class' from element: By.id: target-btn
2026-06-05 18:12:49 [main] INFO  com.tecskool.tests.ButtonControlsPageTest - Target Button class: btn btn-success, background-color: rgba(189, 195, 199, 1)
2026-06-05 18:12:49 [main] INFO  com.tecskool.tests.ButtonControlsPageTest - testDisableButton completed successfully.
2026-06-05 18:12:49 [main] INFO  com.tecskool.tests.ButtonControlsPageTest - Starting testLoadContent...
2026-06-05 18:12:49 [main] INFO  com.tecskool.tests.ButtonControlsPageTest - Clicking Load Content button...
2026-06-05 18:12:49 [main] INFO  com.tecskool.base.BasePage - Clicking on element: By.id: load-btn
2026-06-05 18:12:51 [main] INFO  com.tecskool.tests.ButtonControlsPageTest - Waiting for message to appear and verifying text...
2026-06-05 18:12:51 [main] INFO  com.tecskool.base.BasePage - Getting text from element: By.id: loaded-content
2026-06-05 18:12:53 [main] INFO  com.tecskool.base.BasePage - Checking visibility of element: By.id: loaded-content
2026-06-05 18:12:53 [main] INFO  com.tecskool.tests.ButtonControlsPageTest - testLoadContent completed successfully.
2026-06-05 18:12:53 [main] INFO  com.tecskool.tests.ButtonControlsPageTest - Starting testLoadedContentAfterEnableClick...
2026-06-05 18:12:53 [main] INFO  com.tecskool.tests.ButtonControlsPageTest - Clicking Enable Button while message is displayed...
2026-06-05 18:12:53 [main] INFO  com.tecskool.base.BasePage - Clicking on element: By.id: enable-btn
2026-06-05 18:12:55 [main] INFO  com.tecskool.tests.ButtonControlsPageTest - Checking if message still shows...
2026-06-05 18:12:55 [main] INFO  com.tecskool.base.BasePage - Checking visibility of element: By.id: loaded-content
2026-06-05 18:12:55 [main] INFO  com.tecskool.tests.ButtonControlsPageTest - Logging out and quitting browser...
2026-06-05 18:12:55 [main] INFO  com.tecskool.base.BasePage - Checking visibility of element: By.id: logout-btn
2026-06-05 18:12:55 [main] INFO  com.tecskool.base.BasePage - Clicking on element: By.id: logout-btn
2026-06-05 18:12:57 [main] INFO  com.tecskool.tests.ButtonControlsPageTest - Logout button clicked successfully.
2026-06-05 18:12:57 [main] INFO  com.tecskool.factory.DriverFactory - WebDriver quit successfully
2026-06-05 18:14:05 [main] INFO  com.tecskool.tests.ButtonControlsPageTest - Initializing browser session and logging in...
2026-06-05 18:14:05 [main] INFO  com.tecskool.utils.ConfigReader - Loaded config.properties successfully from classpath
2026-06-05 18:14:05 [main] INFO  com.tecskool.factory.DriverFactory - Initializing WebDriver for browser: chrome
2026-06-05 18:14:07 [main] INFO  com.tecskool.factory.DriverFactory - WebDriver initialized successfully with 10 seconds implicit wait
2026-06-05 18:14:09 [main] INFO  com.tecskool.base.BasePage - Typing 'learning@tecskool.com' in element: By.id: username
2026-06-05 18:14:11 [main] INFO  com.tecskool.base.BasePage - Typing 'tecskool123' in element: By.id: password
2026-06-05 18:14:13 [main] INFO  com.tecskool.base.BasePage - Clicking on element: By.id: login-button
2026-06-05 18:14:15 [main] INFO  com.tecskool.tests.ButtonControlsPageTest - Starting testTargetButtonInitiallyDisabled...
2026-06-05 18:14:15 [main] INFO  com.tecskool.base.BasePage - Getting text from element: By.id: target-btn
2026-06-05 18:14:15 [main] INFO  com.tecskool.tests.ButtonControlsPageTest - testTargetButtonInitiallyDisabled completed successfully.
2026-06-05 18:14:15 [main] INFO  com.tecskool.tests.ButtonControlsPageTest - Starting testEnableButton...
2026-06-05 18:14:15 [main] INFO  com.tecskool.tests.ButtonControlsPageTest - Clicking Enable Button...
2026-06-05 18:14:15 [main] INFO  com.tecskool.base.BasePage - Clicking on element: By.id: enable-btn
2026-06-05 18:14:17 [main] INFO  com.tecskool.tests.ButtonControlsPageTest - Verifying Target Button is enabled...
2026-06-05 18:14:17 [main] INFO  com.tecskool.tests.ButtonControlsPageTest - Verifying text changed to 'Enabled Button'...
2026-06-05 18:14:17 [main] INFO  com.tecskool.base.BasePage - Getting text from element: By.id: target-btn
2026-06-05 18:14:17 [main] INFO  com.tecskool.tests.ButtonControlsPageTest - Verifying color is green...
2026-06-05 18:14:17 [main] INFO  com.tecskool.base.BasePage - Getting attribute 'class' from element: By.id: target-btn
2026-06-05 18:14:17 [main] INFO  com.tecskool.tests.ButtonControlsPageTest - Target Button class: btn btn-success, background-color: rgba(39, 174, 96, 1)
2026-06-05 18:14:17 [main] INFO  com.tecskool.tests.ButtonControlsPageTest - testEnableButton completed successfully.
2026-06-05 18:14:17 [main] INFO  com.tecskool.tests.ButtonControlsPageTest - Starting testDisableButton...
2026-06-05 18:14:17 [main] INFO  com.tecskool.tests.ButtonControlsPageTest - Clicking Disable Button...
2026-06-05 18:14:17 [main] INFO  com.tecskool.base.BasePage - Clicking on element: By.id: disable-btn
2026-06-05 18:14:19 [main] INFO  com.tecskool.tests.ButtonControlsPageTest - Verifying Target Button is disabled...
2026-06-05 18:14:19 [main] INFO  com.tecskool.tests.ButtonControlsPageTest - Verifying text changed to 'Target Button'...
2026-06-05 18:14:19 [main] INFO  com.tecskool.base.BasePage - Getting text from element: By.id: target-btn
2026-06-05 18:14:19 [main] INFO  com.tecskool.tests.ButtonControlsPageTest - Verifying color is returned to default (no green color)...
2026-06-05 18:14:19 [main] INFO  com.tecskool.base.BasePage - Getting attribute 'class' from element: By.id: target-btn
2026-06-05 18:14:19 [main] INFO  com.tecskool.tests.ButtonControlsPageTest - Target Button class: btn btn-success, background-color: rgba(189, 195, 199, 1)
2026-06-05 18:14:19 [main] INFO  com.tecskool.tests.ButtonControlsPageTest - testDisableButton completed successfully.
2026-06-05 18:14:19 [main] INFO  com.tecskool.tests.ButtonControlsPageTest - Starting testLoadContent...
2026-06-05 18:14:19 [main] INFO  com.tecskool.tests.ButtonControlsPageTest - Clicking Load Content button...
2026-06-05 18:14:19 [main] INFO  com.tecskool.base.BasePage - Clicking on element: By.id: load-btn
2026-06-05 18:14:22 [main] INFO  com.tecskool.tests.ButtonControlsPageTest - Waiting for message to appear and verifying text...
2026-06-05 18:14:22 [main] INFO  com.tecskool.base.BasePage - Getting text from element: By.id: loaded-content
2026-06-05 18:14:23 [main] INFO  com.tecskool.base.BasePage - Checking visibility of element: By.id: loaded-content
2026-06-05 18:14:23 [main] INFO  com.tecskool.tests.ButtonControlsPageTest - testLoadContent completed successfully.
2026-06-05 18:14:23 [main] INFO  com.tecskool.tests.ButtonControlsPageTest - Starting testLoadedContentAfterEnableClick...
2026-06-05 18:14:23 [main] INFO  com.tecskool.tests.ButtonControlsPageTest - Clicking Enable Button while message is displayed...
2026-06-05 18:14:23 [main] INFO  com.tecskool.base.BasePage - Clicking on element: By.id: enable-btn
2026-06-05 18:14:25 [main] INFO  com.tecskool.tests.ButtonControlsPageTest - Checking if message still shows...
2026-06-05 18:14:25 [main] INFO  com.tecskool.base.BasePage - Checking visibility of element: By.id: loaded-content
2026-06-05 18:14:25 [main] INFO  com.tecskool.tests.ButtonControlsPageTest - Logging out and quitting browser...
2026-06-05 18:14:25 [main] INFO  com.tecskool.base.BasePage - Checking visibility of element: By.id: logout-btn
2026-06-05 18:14:25 [main] INFO  com.tecskool.base.BasePage - Clicking on element: By.id: logout-btn
2026-06-05 18:14:27 [main] INFO  com.tecskool.tests.ButtonControlsPageTest - Logout button clicked successfully.
2026-06-05 18:14:27 [main] INFO  com.tecskool.factory.DriverFactory - WebDriver quit successfully
2026-06-05 18:15:45 [main] INFO  com.tecskool.tests.AutoSuggestionPageTest - Initializing browser session and logging in...
2026-06-05 18:15:45 [main] INFO  com.tecskool.utils.ConfigReader - Loaded config.properties successfully from classpath
2026-06-05 18:15:45 [main] INFO  com.tecskool.factory.DriverFactory - Initializing WebDriver for browser: chrome
2026-06-05 18:15:47 [main] INFO  com.tecskool.factory.DriverFactory - WebDriver initialized successfully with 10 seconds implicit wait
2026-06-05 18:15:48 [main] INFO  com.tecskool.base.BasePage - Typing 'learning@tecskool.com' in element: By.id: username
2026-06-05 18:15:50 [main] INFO  com.tecskool.base.BasePage - Typing 'tecskool123' in element: By.id: password
2026-06-05 18:15:52 [main] INFO  com.tecskool.base.BasePage - Clicking on element: By.id: login-button
2026-06-05 18:15:54 [main] INFO  com.tecskool.tests.AutoSuggestionPageTest - Starting testSuggestionsMatching scenario...
2026-06-05 18:15:54 [main] INFO  com.tecskool.tests.AutoSuggestionPageTest - Typing search keyword 'J'...
2026-06-05 18:15:57 [main] INFO  com.tecskool.tests.AutoSuggestionPageTest - Verifying suggestions list contains JavaScript and Java...
2026-06-05 18:15:57 [main] INFO  com.tecskool.tests.AutoSuggestionPageTest - testSuggestionsMatching completed successfully.
2026-06-05 18:15:57 [main] INFO  com.tecskool.tests.AutoSuggestionPageTest - Starting testSelectSuggestion scenario...
2026-06-05 18:15:57 [main] INFO  com.tecskool.tests.AutoSuggestionPageTest - Typing search keyword 'J'...
2026-06-05 18:15:59 [main] INFO  com.tecskool.tests.AutoSuggestionPageTest - Selecting 'Java' from suggestions...
2026-06-05 18:16:01 [main] INFO  com.tecskool.tests.AutoSuggestionPageTest - Verifying input value matches selected item...
2026-06-05 18:16:01 [main] INFO  com.tecskool.base.BasePage - Getting attribute 'value' from element: By.id: programming-lang
2026-06-05 18:16:01 [main] INFO  com.tecskool.tests.AutoSuggestionPageTest - Verifying that suggestions box is hidden...
2026-06-05 18:16:01 [main] INFO  com.tecskool.base.BasePage - Checking visibility of element: By.id: suggestions
2026-06-05 18:16:01 [main] INFO  com.tecskool.tests.AutoSuggestionPageTest - testSelectSuggestion completed successfully.
2026-06-05 18:16:01 [main] INFO  com.tecskool.tests.AutoSuggestionPageTest - Logging out and quitting browser...
2026-06-05 18:16:01 [main] INFO  com.tecskool.base.BasePage - Checking visibility of element: By.id: logout-btn
2026-06-05 18:16:01 [main] INFO  com.tecskool.base.BasePage - Clicking on element: By.id: logout-btn
2026-06-05 18:16:03 [main] INFO  com.tecskool.tests.AutoSuggestionPageTest - Logout button clicked successfully.
2026-06-05 18:16:04 [main] INFO  com.tecskool.factory.DriverFactory - WebDriver quit successfully
2026-06-06 15:43:26 [main] INFO  com.tecskool.tests.DragDropPageTest - Initializing browser session and logging in...
2026-06-06 15:43:26 [main] INFO  com.tecskool.utils.ConfigReader - Loaded config.properties successfully from classpath
2026-06-06 15:43:26 [main] INFO  com.tecskool.factory.DriverFactory - Initializing WebDriver for browser: chrome
2026-06-06 15:43:29 [main] INFO  com.tecskool.factory.DriverFactory - WebDriver initialized successfully with 10 seconds implicit wait
2026-06-06 15:43:30 [main] INFO  com.tecskool.base.BasePage - Typing 'learning@tecskool.com' in element: By.id: username
2026-06-06 15:43:32 [main] INFO  com.tecskool.base.BasePage - Typing 'tecskool123' in element: By.id: password
2026-06-06 15:43:34 [main] INFO  com.tecskool.base.BasePage - Clicking on element: By.id: login-button
2026-06-06 15:43:37 [main] INFO  com.tecskool.tests.DragDropPageTest - Checking initial state of Drag & Drop page...
2026-06-06 15:43:37 [main] INFO  com.tecskool.base.BasePage - Getting text from element: By.id: drop-target
2026-06-06 15:43:37 [main] INFO  com.tecskool.base.BasePage - Checking visibility of element: By.xpath: //div[@id='drop-target']/div[@id='drag-item']
2026-06-06 15:43:37 [main] INFO  com.tecskool.tests.DragDropPageTest - Performing drag and drop operation...
2026-06-06 15:43:39 [main] INFO  com.tecskool.base.BasePage - Checking visibility of element: By.xpath: //div[@id='drop-target']/div[@id='drag-item']
2026-06-06 15:43:39 [main] INFO  com.tecskool.tests.DragDropPageTest - Verifying drag-and-drop success...
2026-06-06 15:43:39 [main] INFO  com.tecskool.base.BasePage - Checking visibility of element: By.xpath: //div[@id='drop-target']/div[@id='drag-item']
2026-06-06 15:43:39 [main] INFO  com.tecskool.base.BasePage - Getting text from element: By.id: drop-target
2026-06-06 15:43:39 [main] INFO  com.tecskool.tests.DragDropPageTest - testDragAndDrop completed successfully.
2026-06-06 15:43:39 [main] INFO  com.tecskool.tests.DragDropPageTest - Logging out and quitting browser...
2026-06-06 15:43:39 [main] INFO  com.tecskool.base.BasePage - Checking visibility of element: By.id: logout-btn
2026-06-06 15:43:39 [main] INFO  com.tecskool.base.BasePage - Clicking on element: By.id: logout-btn
2026-06-06 15:43:41 [main] INFO  com.tecskool.tests.DragDropPageTest - Logout button clicked successfully.
2026-06-06 15:43:41 [main] INFO  com.tecskool.factory.DriverFactory - WebDriver quit successfully
2026-06-06 15:44:53 [main] INFO  com.tecskool.tests.DragDropPageTest - Initializing browser session and logging in...
2026-06-06 15:44:53 [main] INFO  com.tecskool.utils.ConfigReader - Loaded config.properties successfully from classpath
2026-06-06 15:44:53 [main] INFO  com.tecskool.factory.DriverFactory - Initializing WebDriver for browser: chrome
2026-06-06 15:44:55 [main] INFO  com.tecskool.factory.DriverFactory - WebDriver initialized successfully with 10 seconds implicit wait
2026-06-06 15:44:56 [main] INFO  com.tecskool.base.BasePage - Typing 'learning@tecskool.com' in element: By.id: username
2026-06-06 15:44:58 [main] INFO  com.tecskool.base.BasePage - Typing 'tecskool123' in element: By.id: password
2026-06-06 15:45:00 [main] INFO  com.tecskool.base.BasePage - Clicking on element: By.id: login-button
2026-06-06 15:45:02 [main] INFO  com.tecskool.tests.DragDropPageTest - Scrolling to drag and drop section...
2026-06-06 15:45:02 [main] INFO  com.tecskool.base.BasePage - Scrolling to element: By.id: drop-target
2026-06-06 15:45:04 [main] INFO  com.tecskool.tests.DragDropPageTest - Checking initial state of Drag & Drop page...
2026-06-06 15:45:04 [main] INFO  com.tecskool.base.BasePage - Getting text from element: By.id: drop-target
2026-06-06 15:45:04 [main] INFO  com.tecskool.base.BasePage - Checking visibility of element: By.xpath: //div[@id='drop-target']/div[@id='drag-item']
2026-06-06 15:45:04 [main] INFO  com.tecskool.tests.DragDropPageTest - Performing drag and drop operation...
2026-06-06 15:45:04 [main] INFO  com.tecskool.base.BasePage - Scrolling to element: By.id: drop-target
2026-06-06 15:45:09 [main] INFO  com.tecskool.base.BasePage - Checking visibility of element: By.xpath: //div[@id='drop-target']/div[@id='drag-item']
2026-06-06 15:45:09 [main] INFO  com.tecskool.tests.DragDropPageTest - Verifying drag-and-drop success...
2026-06-06 15:45:09 [main] INFO  com.tecskool.base.BasePage - Checking visibility of element: By.xpath: //div[@id='drop-target']/div[@id='drag-item']
2026-06-06 15:45:09 [main] INFO  com.tecskool.base.BasePage - Getting text from element: By.id: drop-target
2026-06-06 15:45:09 [main] INFO  com.tecskool.tests.DragDropPageTest - testDragAndDrop completed successfully.
2026-06-06 15:45:09 [main] INFO  com.tecskool.tests.DragDropPageTest - Logging out and quitting browser...
2026-06-06 15:45:09 [main] INFO  com.tecskool.base.BasePage - Checking visibility of element: By.id: logout-btn
2026-06-06 15:45:09 [main] INFO  com.tecskool.base.BasePage - Clicking on element: By.id: logout-btn
2026-06-06 15:45:11 [main] INFO  com.tecskool.tests.DragDropPageTest - Logout button clicked successfully.
2026-06-06 15:45:11 [main] INFO  com.tecskool.factory.DriverFactory - WebDriver quit successfully
2026-06-06 15:45:32 [main] INFO  com.tecskool.tests.DragDropPageTest - Initializing browser session and logging in...
2026-06-06 15:45:32 [main] INFO  com.tecskool.utils.ConfigReader - Loaded config.properties successfully from classpath
2026-06-06 15:45:32 [main] INFO  com.tecskool.factory.DriverFactory - Initializing WebDriver for browser: chrome
2026-06-06 15:45:34 [main] INFO  com.tecskool.factory.DriverFactory - WebDriver initialized successfully with 10 seconds implicit wait
2026-06-06 15:45:35 [main] INFO  com.tecskool.base.BasePage - Typing 'learning@tecskool.com' in element: By.id: username
2026-06-06 15:45:37 [main] INFO  com.tecskool.base.BasePage - Typing 'tecskool123' in element: By.id: password
2026-06-06 15:45:39 [main] INFO  com.tecskool.base.BasePage - Clicking on element: By.id: login-button
2026-06-06 15:45:41 [main] INFO  com.tecskool.tests.DragDropPageTest - Scrolling to drag and drop section...
2026-06-06 15:45:41 [main] INFO  com.tecskool.base.BasePage - Scrolling to element: By.id: drop-target
2026-06-06 15:45:43 [main] INFO  com.tecskool.tests.DragDropPageTest - Checking initial state of Drag & Drop page...
2026-06-06 15:45:43 [main] INFO  com.tecskool.base.BasePage - Getting text from element: By.id: drop-target
2026-06-06 15:45:43 [main] INFO  com.tecskool.base.BasePage - Checking visibility of element: By.xpath: //div[@id='drop-target']/div[@id='drag-item']
2026-06-06 15:45:43 [main] INFO  com.tecskool.tests.DragDropPageTest - Performing drag and drop operation...
2026-06-06 15:45:43 [main] INFO  com.tecskool.base.BasePage - Scrolling to element: By.id: drop-target
2026-06-06 15:45:48 [main] INFO  com.tecskool.base.BasePage - Checking visibility of element: By.xpath: //div[@id='drop-target']/div[@id='drag-item']
2026-06-06 15:45:48 [main] INFO  com.tecskool.tests.DragDropPageTest - Verifying drag-and-drop success...
2026-06-06 15:45:48 [main] INFO  com.tecskool.base.BasePage - Checking visibility of element: By.xpath: //div[@id='drop-target']/div[@id='drag-item']
2026-06-06 15:45:48 [main] INFO  com.tecskool.base.BasePage - Getting text from element: By.id: drop-target
2026-06-06 15:45:48 [main] INFO  com.tecskool.tests.DragDropPageTest - testDragAndDrop completed successfully.
2026-06-06 15:45:48 [main] INFO  com.tecskool.tests.DragDropPageTest - Logging out and quitting browser...
2026-06-06 15:45:48 [main] INFO  com.tecskool.base.BasePage - Checking visibility of element: By.id: logout-btn
2026-06-06 15:45:48 [main] INFO  com.tecskool.base.BasePage - Clicking on element: By.id: logout-btn
2026-06-06 15:45:50 [main] INFO  com.tecskool.tests.DragDropPageTest - Logout button clicked successfully.
2026-06-06 15:45:50 [main] INFO  com.tecskool.factory.DriverFactory - WebDriver quit successfully
2026-06-06 15:52:34 [main] INFO  com.tecskool.tests.AlertsPageTest - Initializing browser session and logging in...
2026-06-06 15:52:34 [main] INFO  com.tecskool.utils.ConfigReader - Loaded config.properties successfully from classpath
2026-06-06 15:52:35 [main] INFO  com.tecskool.factory.DriverFactory - Initializing WebDriver for browser: chrome
2026-06-06 15:52:36 [main] INFO  com.tecskool.factory.DriverFactory - WebDriver initialized successfully with 10 seconds implicit wait
2026-06-06 15:52:37 [main] INFO  com.tecskool.base.BasePage - Typing 'learning@tecskool.com' in element: By.id: username
2026-06-06 15:52:39 [main] INFO  com.tecskool.base.BasePage - Typing 'tecskool123' in element: By.id: password
2026-06-06 15:52:41 [main] INFO  com.tecskool.base.BasePage - Clicking on element: By.id: login-button
2026-06-06 15:52:43 [main] INFO  com.tecskool.tests.AlertsPageTest - Scrolling to Alert Controls section...
2026-06-06 15:52:43 [main] INFO  com.tecskool.base.BasePage - Scrolling to element: By.id: simple-alert
2026-06-06 15:52:45 [main] INFO  com.tecskool.base.BasePage - Checking visibility of element: By.id: alert-result
2026-06-06 15:52:45 [main] INFO  com.tecskool.tests.AlertsPageTest - Clicking Simple Alert button...
2026-06-06 15:52:45 [main] INFO  com.tecskool.base.BasePage - Clicking on element: By.id: simple-alert
2026-06-06 15:52:48 [main] INFO  com.tecskool.tests.AlertsPageTest - Verifying simple alert text...
2026-06-06 15:52:48 [main] INFO  com.tecskool.tests.AlertsPageTest - Accepting simple alert...
2026-06-06 15:52:50 [main] INFO  com.tecskool.tests.AlertsPageTest - Verifying simple alert result container message...
2026-06-06 15:52:50 [main] INFO  com.tecskool.base.BasePage - Checking visibility of element: By.id: alert-result
2026-06-06 15:52:50 [main] INFO  com.tecskool.base.BasePage - Getting text from element: By.id: alert-result
2026-06-06 15:52:50 [main] INFO  com.tecskool.tests.AlertsPageTest - Clicking Confirm Alert button for Acceptance...
2026-06-06 15:52:50 [main] INFO  com.tecskool.base.BasePage - Clicking on element: By.id: confirm-alert
2026-06-06 15:52:52 [main] INFO  com.tecskool.tests.AlertsPageTest - Verifying confirm alert text...
2026-06-06 15:52:52 [main] INFO  com.tecskool.tests.AlertsPageTest - Accepting confirm alert...
2026-06-06 15:52:54 [main] INFO  com.tecskool.tests.AlertsPageTest - Verifying confirm alert accept result message...
2026-06-06 15:52:54 [main] INFO  com.tecskool.base.BasePage - Getting text from element: By.id: alert-result
2026-06-06 15:52:54 [main] INFO  com.tecskool.tests.AlertsPageTest - Clicking Confirm Alert button for Dismissal...
2026-06-06 15:52:54 [main] INFO  com.tecskool.base.BasePage - Clicking on element: By.id: confirm-alert
2026-06-06 15:52:56 [main] INFO  com.tecskool.tests.AlertsPageTest - Verifying confirm alert text...
2026-06-06 15:52:56 [main] INFO  com.tecskool.tests.AlertsPageTest - Dismissing confirm alert...
2026-06-06 15:52:58 [main] INFO  com.tecskool.tests.AlertsPageTest - Verifying confirm alert dismiss result message...
2026-06-06 15:52:58 [main] INFO  com.tecskool.base.BasePage - Getting text from element: By.id: alert-result
2026-06-06 15:52:58 [main] INFO  com.tecskool.tests.AlertsPageTest - Clicking Prompt Alert button for input...
2026-06-06 15:52:58 [main] INFO  com.tecskool.base.BasePage - Clicking on element: By.id: prompt-alert
2026-06-06 15:53:00 [main] INFO  com.tecskool.tests.AlertsPageTest - Verifying prompt alert text...
2026-06-06 15:53:00 [main] INFO  com.tecskool.tests.AlertsPageTest - Entering text 'Selenium Tester' in prompt alert...
2026-06-06 15:53:00 [main] INFO  com.tecskool.tests.AlertsPageTest - Accepting prompt alert...
2026-06-06 15:53:02 [main] INFO  com.tecskool.tests.AlertsPageTest - Verifying prompt alert success result message...
2026-06-06 15:53:02 [main] INFO  com.tecskool.base.BasePage - Getting text from element: By.id: alert-result
2026-06-06 15:53:02 [main] INFO  com.tecskool.tests.AlertsPageTest - Clicking Prompt Alert button for Dismissal...
2026-06-06 15:53:02 [main] INFO  com.tecskool.base.BasePage - Clicking on element: By.id: prompt-alert
2026-06-06 15:53:04 [main] INFO  com.tecskool.tests.AlertsPageTest - Verifying prompt alert text...
2026-06-06 15:53:04 [main] INFO  com.tecskool.tests.AlertsPageTest - Dismissing prompt alert...
2026-06-06 15:53:06 [main] INFO  com.tecskool.tests.AlertsPageTest - Verifying prompt alert dismiss result message...
2026-06-06 15:53:06 [main] INFO  com.tecskool.base.BasePage - Getting text from element: By.id: alert-result
2026-06-06 15:53:06 [main] INFO  com.tecskool.tests.AlertsPageTest - Logging out and quitting browser...
2026-06-06 15:53:06 [main] INFO  com.tecskool.base.BasePage - Checking visibility of element: By.id: logout-btn
2026-06-06 15:53:06 [main] INFO  com.tecskool.base.BasePage - Clicking on element: By.id: logout-btn
2026-06-06 15:53:08 [main] INFO  com.tecskool.tests.AlertsPageTest - Logout button clicked successfully.
2026-06-06 15:53:09 [main] INFO  com.tecskool.factory.DriverFactory - WebDriver quit successfully
2026-06-06 17:31:25 [main] INFO  com.tecskool.tests.AlertsPageTest - Initializing browser session and logging in...
2026-06-06 17:31:25 [main] INFO  com.tecskool.utils.ConfigReader - Loaded config.properties successfully from classpath
2026-06-06 17:31:25 [main] INFO  com.tecskool.factory.DriverFactory - Initializing WebDriver for browser: chrome
2026-06-06 17:31:27 [main] INFO  com.tecskool.factory.DriverFactory - WebDriver initialized successfully with 10 seconds implicit wait
2026-06-06 17:31:28 [main] INFO  com.tecskool.base.BasePage - Typing 'learning@tecskool.com' in element: By.id: username
2026-06-06 17:31:30 [main] INFO  com.tecskool.base.BasePage - Typing 'tecskool123' in element: By.id: password
2026-06-06 17:31:32 [main] INFO  com.tecskool.base.BasePage - Clicking on element: By.id: login-button
2026-06-06 17:31:34 [main] INFO  com.tecskool.tests.AlertsPageTest - Scrolling to Alert Controls section...
2026-06-06 17:31:34 [main] INFO  com.tecskool.base.BasePage - Scrolling to element: By.id: simple-alert
2026-06-06 17:31:36 [main] INFO  com.tecskool.base.BasePage - Checking visibility of element: By.id: alert-result
2026-06-06 17:31:36 [main] INFO  com.tecskool.tests.AlertsPageTest - Clicking Simple Alert button...
2026-06-06 17:31:36 [main] INFO  com.tecskool.base.BasePage - Clicking on element: By.id: simple-alert
2026-06-06 17:31:38 [main] INFO  com.tecskool.tests.AlertsPageTest - Verifying simple alert text...
2026-06-06 17:31:38 [main] INFO  com.tecskool.tests.AlertsPageTest - Accepting simple alert...
2026-06-06 17:31:40 [main] INFO  com.tecskool.tests.AlertsPageTest - Verifying simple alert result container message...
2026-06-06 17:31:40 [main] INFO  com.tecskool.base.BasePage - Checking visibility of element: By.id: alert-result
2026-06-06 17:31:40 [main] INFO  com.tecskool.base.BasePage - Getting text from element: By.id: alert-result
2026-06-06 17:31:40 [main] INFO  com.tecskool.tests.AlertsPageTest - Clicking Confirm Alert button for Acceptance...
2026-06-06 17:31:40 [main] INFO  com.tecskool.base.BasePage - Clicking on element: By.id: confirm-alert
2026-06-06 17:31:42 [main] INFO  com.tecskool.tests.AlertsPageTest - Verifying confirm alert text...
2026-06-06 17:31:42 [main] INFO  com.tecskool.tests.AlertsPageTest - Accepting confirm alert...
2026-06-06 17:31:45 [main] INFO  com.tecskool.tests.AlertsPageTest - Verifying confirm alert accept result message...
2026-06-06 17:31:45 [main] INFO  com.tecskool.base.BasePage - Getting text from element: By.id: alert-result
2026-06-06 17:31:45 [main] INFO  com.tecskool.tests.AlertsPageTest - Clicking Confirm Alert button for Dismissal...
2026-06-06 17:31:45 [main] INFO  com.tecskool.base.BasePage - Clicking on element: By.id: confirm-alert
2026-06-06 17:31:47 [main] INFO  com.tecskool.tests.AlertsPageTest - Verifying confirm alert text...
2026-06-06 17:31:47 [main] INFO  com.tecskool.tests.AlertsPageTest - Dismissing confirm alert...
2026-06-06 17:31:49 [main] INFO  com.tecskool.tests.AlertsPageTest - Verifying confirm alert dismiss result message...
2026-06-06 17:31:49 [main] INFO  com.tecskool.base.BasePage - Getting text from element: By.id: alert-result
2026-06-06 17:31:49 [main] INFO  com.tecskool.tests.AlertsPageTest - Clicking Prompt Alert button for input...
2026-06-06 17:31:49 [main] INFO  com.tecskool.base.BasePage - Clicking on element: By.id: prompt-alert
2026-06-06 17:31:51 [main] INFO  com.tecskool.tests.AlertsPageTest - Verifying prompt alert text...
2026-06-06 17:31:51 [main] INFO  com.tecskool.tests.AlertsPageTest - Entering text 'Selenium Tester' in prompt alert...
2026-06-06 17:31:51 [main] INFO  com.tecskool.tests.AlertsPageTest - Accepting prompt alert...
2026-06-06 17:31:53 [main] INFO  com.tecskool.tests.AlertsPageTest - Verifying prompt alert success result message...
2026-06-06 17:31:53 [main] INFO  com.tecskool.base.BasePage - Getting text from element: By.id: alert-result
2026-06-06 17:31:53 [main] INFO  com.tecskool.tests.AlertsPageTest - Clicking Prompt Alert button for Dismissal...
2026-06-06 17:31:53 [main] INFO  com.tecskool.base.BasePage - Clicking on element: By.id: prompt-alert
2026-06-06 17:31:55 [main] INFO  com.tecskool.tests.AlertsPageTest - Verifying prompt alert text...
2026-06-06 17:31:55 [main] INFO  com.tecskool.tests.AlertsPageTest - Dismissing prompt alert...
2026-06-06 17:31:57 [main] INFO  com.tecskool.tests.AlertsPageTest - Verifying prompt alert dismiss result message...
2026-06-06 17:31:57 [main] INFO  com.tecskool.base.BasePage - Getting text from element: By.id: alert-result
2026-06-06 17:31:57 [main] INFO  com.tecskool.tests.AlertsPageTest - Logging out and quitting browser...
2026-06-06 17:31:57 [main] INFO  com.tecskool.base.BasePage - Checking visibility of element: By.id: logout-btn
2026-06-06 17:31:57 [main] INFO  com.tecskool.base.BasePage - Clicking on element: By.id: logout-btn
2026-06-06 17:31:59 [main] INFO  com.tecskool.tests.AlertsPageTest - Logout button clicked successfully.
2026-06-06 17:31:59 [main] INFO  com.tecskool.factory.DriverFactory - WebDriver quit successfully
2026-06-08 14:26:58 [main] INFO  com.tecskool.base.BaseTest - Setting up test execution...
2026-06-08 14:26:58 [main] INFO  com.tecskool.utils.ConfigReader - Loaded config.properties successfully from classpath
2026-06-08 14:26:58 [main] INFO  com.tecskool.factory.DriverFactory - Initializing WebDriver for browser: chrome
2026-06-08 14:27:01 [main] INFO  com.tecskool.factory.DriverFactory - WebDriver initialized successfully with 10 seconds implicit wait
2026-06-08 14:27:01 [main] INFO  com.tecskool.base.BaseTest - Opening URL: https://practice.tecskool.com/
2026-06-08 14:27:02 [main] INFO  com.tecskool.tests.HoverPageTest - Executing testHoverOption3Selection...
2026-06-08 14:27:02 [main] INFO  com.tecskool.base.BasePage - Typing 'learning@tecskool.com' in element: By.id: username
2026-06-08 14:27:05 [main] INFO  com.tecskool.base.BasePage - Typing 'tecskool123' in element: By.id: password
2026-06-08 14:27:07 [main] INFO  com.tecskool.base.BasePage - Clicking on element: By.id: login-button
2026-06-08 14:27:09 [main] INFO  com.tecskool.tests.HoverPageTest - Scrolling to Hover Controls section...
2026-06-08 14:27:09 [main] INFO  com.tecskool.base.BasePage - Scrolling to element: By.id: hover-trigger
2026-06-08 14:27:11 [main] INFO  com.tecskool.tests.HoverPageTest - Verifying dropdown is not visible initially...
2026-06-08 14:27:11 [main] INFO  com.tecskool.base.BasePage - Checking visibility of element: By.id: dropdown-menu
2026-06-08 14:27:11 [main] INFO  com.tecskool.tests.HoverPageTest - Hovering over trigger button...
2026-06-08 14:27:13 [main] INFO  com.tecskool.tests.HoverPageTest - Verifying dropdown is visible after hover...
2026-06-08 14:27:13 [main] INFO  com.tecskool.base.BasePage - Checking visibility of element: By.id: dropdown-menu
2026-06-08 14:27:13 [main] INFO  com.tecskool.tests.HoverPageTest - Selecting Option 3...
2026-06-08 14:27:13 [main] INFO  com.tecskool.base.BasePage - Clicking on element: By.id: option3
2026-06-08 14:27:14 [main] INFO  com.tecskool.base.BaseTest - Tearing down test execution...
2026-06-08 14:27:15 [main] INFO  com.tecskool.factory.DriverFactory - WebDriver quit successfully
2026-06-08 14:27:37 [main] INFO  com.tecskool.base.BaseTest - Setting up test execution...
2026-06-08 14:27:37 [main] INFO  com.tecskool.utils.ConfigReader - Loaded config.properties successfully from classpath
2026-06-08 14:27:37 [main] INFO  com.tecskool.factory.DriverFactory - Initializing WebDriver for browser: chrome
2026-06-08 14:27:39 [main] INFO  com.tecskool.factory.DriverFactory - WebDriver initialized successfully with 10 seconds implicit wait
2026-06-08 14:27:39 [main] INFO  com.tecskool.base.BaseTest - Opening URL: https://practice.tecskool.com/
2026-06-08 14:27:40 [main] INFO  com.tecskool.tests.HoverPageTest - Executing testHoverOption3Selection...
2026-06-08 14:27:40 [main] INFO  com.tecskool.base.BasePage - Typing 'learning@tecskool.com' in element: By.id: username
2026-06-08 14:27:42 [main] INFO  com.tecskool.base.BasePage - Typing 'tecskool123' in element: By.id: password
2026-06-08 14:27:44 [main] INFO  com.tecskool.base.BasePage - Clicking on element: By.id: login-button
2026-06-08 14:27:46 [main] INFO  com.tecskool.tests.HoverPageTest - Scrolling to Hover Controls section...
2026-06-08 14:27:46 [main] INFO  com.tecskool.base.BasePage - Scrolling to element: By.id: hover-trigger
2026-06-08 14:27:48 [main] INFO  com.tecskool.tests.HoverPageTest - Verifying dropdown is not visible initially...
2026-06-08 14:27:48 [main] INFO  com.tecskool.base.BasePage - Checking visibility of element: By.id: dropdown-menu
2026-06-08 14:27:48 [main] INFO  com.tecskool.tests.HoverPageTest - Hovering over trigger button...
2026-06-08 14:27:50 [main] INFO  com.tecskool.tests.HoverPageTest - Verifying dropdown is visible after hover...
2026-06-08 14:27:50 [main] INFO  com.tecskool.base.BasePage - Checking visibility of element: By.id: dropdown-menu
2026-06-08 14:27:50 [main] INFO  com.tecskool.tests.HoverPageTest - Selecting Option 3...
2026-06-08 14:27:52 [main] INFO  com.tecskool.tests.HoverPageTest - Verifying selected option result message contains 'Option 3'...
2026-06-08 14:27:52 [main] INFO  com.tecskool.base.BasePage - Getting text from element: By.id: selected-option
2026-06-08 14:28:08 [main] INFO  com.tecskool.base.BaseTest - Tearing down test execution...
2026-06-08 14:28:08 [main] INFO  com.tecskool.factory.DriverFactory - WebDriver quit successfully
2026-06-08 14:28:36 [main] INFO  com.tecskool.base.BaseTest - Setting up test execution...
2026-06-08 14:28:36 [main] INFO  com.tecskool.utils.ConfigReader - Loaded config.properties successfully from classpath
2026-06-08 14:28:36 [main] INFO  com.tecskool.factory.DriverFactory - Initializing WebDriver for browser: chrome
2026-06-08 14:28:37 [main] INFO  com.tecskool.factory.DriverFactory - WebDriver initialized successfully with 10 seconds implicit wait
2026-06-08 14:28:37 [main] INFO  com.tecskool.base.BaseTest - Opening URL: https://practice.tecskool.com/
2026-06-08 14:28:38 [main] INFO  com.tecskool.tests.HoverPageTest - Executing testHoverOption3Selection...
2026-06-08 14:28:38 [main] INFO  com.tecskool.base.BasePage - Typing 'learning@tecskool.com' in element: By.id: username
2026-06-08 14:28:40 [main] INFO  com.tecskool.base.BasePage - Typing 'tecskool123' in element: By.id: password
2026-06-08 14:28:43 [main] INFO  com.tecskool.base.BasePage - Clicking on element: By.id: login-button
2026-06-08 14:28:45 [main] INFO  com.tecskool.tests.HoverPageTest - Scrolling to Hover Controls section...
2026-06-08 14:28:45 [main] INFO  com.tecskool.base.BasePage - Scrolling to element: By.id: hover-trigger
2026-06-08 14:28:47 [main] INFO  com.tecskool.tests.HoverPageTest - Verifying dropdown is not visible initially...
2026-06-08 14:28:47 [main] INFO  com.tecskool.base.BasePage - Checking visibility of element: By.id: dropdown-menu
2026-06-08 14:28:47 [main] INFO  com.tecskool.tests.HoverPageTest - Hovering over trigger button...
2026-06-08 14:28:49 [main] INFO  com.tecskool.tests.HoverPageTest - Verifying dropdown is visible after hover...
2026-06-08 14:28:49 [main] INFO  com.tecskool.base.BasePage - Checking visibility of element: By.id: dropdown-menu
2026-06-08 14:28:49 [main] INFO  com.tecskool.tests.HoverPageTest - Selecting Option 3...
2026-06-08 14:28:51 [main] INFO  com.tecskool.tests.HoverPageTest - Verifying selected option result message contains 'Option 3'...
2026-06-08 14:28:51 [main] INFO  com.tecskool.base.BasePage - Getting text from element: By.id: selected-option
2026-06-08 14:28:51 [main] INFO  com.tecskool.tests.HoverPageTest - Result message: Selected: Option 3
2026-06-08 14:28:51 [main] INFO  com.tecskool.tests.HoverPageTest - testHoverOption3Selection completed successfully.
2026-06-08 14:28:51 [main] INFO  com.tecskool.base.BaseTest - Tearing down test execution...
2026-06-08 14:28:51 [main] INFO  com.tecskool.factory.DriverFactory - WebDriver quit successfully
2026-06-08 14:29:37 [main] INFO  com.tecskool.base.BaseTest - Setting up test execution...
2026-06-08 14:29:37 [main] INFO  com.tecskool.utils.ConfigReader - Loaded config.properties successfully from classpath
2026-06-08 14:29:37 [main] INFO  com.tecskool.factory.DriverFactory - Initializing WebDriver for browser: chrome
2026-06-08 14:29:38 [main] INFO  com.tecskool.factory.DriverFactory - WebDriver initialized successfully with 10 seconds implicit wait
2026-06-08 14:29:38 [main] INFO  com.tecskool.base.BaseTest - Opening URL: https://practice.tecskool.com/
2026-06-08 14:29:39 [main] INFO  com.tecskool.tests.HoverPageTest - Executing testHoverOption3Selection...
2026-06-08 14:29:39 [main] INFO  com.tecskool.base.BasePage - Typing 'learning@tecskool.com' in element: By.id: username
2026-06-08 14:29:41 [main] INFO  com.tecskool.base.BasePage - Typing 'tecskool123' in element: By.id: password
2026-06-08 14:29:43 [main] INFO  com.tecskool.base.BasePage - Clicking on element: By.id: login-button
2026-06-08 14:29:46 [main] INFO  com.tecskool.tests.HoverPageTest - Scrolling to Hover Controls section...
2026-06-08 14:29:46 [main] INFO  com.tecskool.base.BasePage - Scrolling to element: By.id: hover-trigger
2026-06-08 14:29:48 [main] INFO  com.tecskool.tests.HoverPageTest - Verifying dropdown is not visible initially...
2026-06-08 14:29:48 [main] INFO  com.tecskool.base.BasePage - Checking visibility of element: By.id: dropdown-menu
2026-06-08 14:29:48 [main] INFO  com.tecskool.tests.HoverPageTest - Hovering over trigger button...
2026-06-08 14:29:50 [main] INFO  com.tecskool.tests.HoverPageTest - Verifying dropdown is visible after hover...
2026-06-08 14:29:50 [main] INFO  com.tecskool.base.BasePage - Checking visibility of element: By.id: dropdown-menu
2026-06-08 14:29:50 [main] INFO  com.tecskool.tests.HoverPageTest - Selecting Option 3...
2026-06-08 14:29:52 [main] INFO  com.tecskool.tests.HoverPageTest - Verifying selected option result message contains 'Option 3'...
2026-06-08 14:29:52 [main] INFO  com.tecskool.base.BasePage - Getting text from element: By.id: selected-option
2026-06-08 14:29:52 [main] INFO  com.tecskool.tests.HoverPageTest - Result message: Selected: Option 3
2026-06-08 14:29:52 [main] INFO  com.tecskool.tests.HoverPageTest - testHoverOption3Selection completed successfully.
2026-06-08 14:29:52 [main] INFO  com.tecskool.base.BaseTest - Tearing down test execution...
2026-06-08 14:29:52 [main] INFO  com.tecskool.factory.DriverFactory - WebDriver quit successfully
2026-06-08 14:30:51 [main] INFO  com.tecskool.base.BaseTest - Setting up test execution...
2026-06-08 14:30:51 [main] INFO  com.tecskool.utils.ConfigReader - Loaded config.properties successfully from classpath
2026-06-08 14:30:51 [main] INFO  com.tecskool.factory.DriverFactory - Initializing WebDriver for browser: chrome
2026-06-08 14:30:53 [main] INFO  com.tecskool.factory.DriverFactory - WebDriver initialized successfully with 10 seconds implicit wait
2026-06-08 14:30:53 [main] INFO  com.tecskool.base.BaseTest - Opening URL: https://practice.tecskool.com/
2026-06-08 14:30:54 [main] INFO  com.tecskool.tests.HoverPageTest - Executing testHoverOption3Selection...
2026-06-08 14:30:54 [main] INFO  com.tecskool.base.BasePage - Typing 'learning@tecskool.com' in element: By.id: username
2026-06-08 14:30:56 [main] INFO  com.tecskool.base.BasePage - Typing 'tecskool123' in element: By.id: password
2026-06-08 14:30:58 [main] INFO  com.tecskool.base.BasePage - Clicking on element: By.id: login-button
2026-06-08 14:31:00 [main] INFO  com.tecskool.tests.HoverPageTest - Scrolling to Hover Controls section...
2026-06-08 14:31:00 [main] INFO  com.tecskool.base.BasePage - Scrolling to element: By.id: hover-trigger
2026-06-08 14:31:02 [main] INFO  com.tecskool.tests.HoverPageTest - Verifying dropdown is not visible initially...
2026-06-08 14:31:02 [main] INFO  com.tecskool.base.BasePage - Checking visibility of element: By.id: dropdown-menu
2026-06-08 14:31:02 [main] INFO  com.tecskool.tests.HoverPageTest - Hovering over trigger button...
2026-06-08 14:31:04 [main] INFO  com.tecskool.tests.HoverPageTest - Verifying dropdown is visible after hover...
2026-06-08 14:31:04 [main] INFO  com.tecskool.base.BasePage - Checking visibility of element: By.id: dropdown-menu
2026-06-08 14:31:05 [main] INFO  com.tecskool.tests.HoverPageTest - Selecting Option 3...
2026-06-08 14:31:07 [main] INFO  com.tecskool.tests.HoverPageTest - Verifying selected option result message contains 'Option 3'...
2026-06-08 14:31:07 [main] INFO  com.tecskool.base.BasePage - Scrolling to element: By.id: selected-option
2026-06-08 14:31:09 [main] INFO  com.tecskool.base.BasePage - Getting text from element: By.id: selected-option
2026-06-08 14:31:09 [main] INFO  com.tecskool.tests.HoverPageTest - Result message: Selected: Option 3
2026-06-08 14:31:09 [main] INFO  com.tecskool.tests.HoverPageTest - testHoverOption3Selection completed successfully.
2026-06-08 14:31:09 [main] INFO  com.tecskool.base.BaseTest - Tearing down test execution...
2026-06-08 14:31:09 [main] INFO  com.tecskool.factory.DriverFactory - WebDriver quit successfully
2026-06-08 15:06:01 [main] INFO  com.tecskool.tests.SliderPageTest - Initializing browser session and logging in...
2026-06-08 15:06:01 [main] INFO  com.tecskool.utils.ConfigReader - Loaded config.properties successfully from classpath
2026-06-08 15:06:01 [main] INFO  com.tecskool.factory.DriverFactory - Initializing WebDriver for browser: chrome
2026-06-08 15:06:03 [main] INFO  com.tecskool.factory.DriverFactory - WebDriver initialized successfully with 10 seconds implicit wait
2026-06-08 15:06:04 [main] INFO  com.tecskool.base.BasePage - Typing 'learning@tecskool.com' in element: By.id: username
2026-06-08 15:06:06 [main] INFO  com.tecskool.base.BasePage - Typing 'tecskool123' in element: By.id: password
2026-06-08 15:06:08 [main] INFO  com.tecskool.base.BasePage - Clicking on element: By.id: login-button
2026-06-08 15:06:11 [main] INFO  com.tecskool.base.BasePage - Scrolling to element: By.id: slider-card
2026-06-08 15:06:13 [main] INFO  com.tecskool.tests.SliderPageTest - Starting testDefaultSliderValue...
2026-06-08 15:06:13 [main] INFO  com.tecskool.base.BasePage - Checking visibility of element: By.id: slider-card
2026-06-08 15:06:13 [main] INFO  com.tecskool.base.BasePage - Getting text from element: By.id: slider-title
2026-06-08 15:06:13 [main] INFO  com.tecskool.base.BasePage - Getting text from element: By.id: intensity-label
2026-06-08 15:06:13 [main] INFO  com.tecskool.base.BasePage - Getting text from element: By.id: intensity-value
2026-06-08 15:06:13 [main] INFO  com.tecskool.base.BasePage - Getting attribute 'value' from element: By.id: color-intensity
2026-06-08 15:06:13 [main] INFO  com.tecskool.tests.SliderPageTest - Default displayed value: 128, Input attribute value: 128
2026-06-08 15:06:13 [main] INFO  com.tecskool.tests.SliderPageTest - Default background style of display box: rgba(128, 128, 128, 1)
2026-06-08 15:06:13 [main] INFO  com.tecskool.tests.SliderPageTest - Starting testSetSliderValue...
2026-06-08 15:06:13 [main] INFO  com.tecskool.tests.SliderPageTest - Setting slider value using keys to: 200
2026-06-08 15:06:13 [main] INFO  com.tecskool.base.BasePage - Getting attribute 'value' from element: By.id: color-intensity
2026-06-08 15:06:13 [main] INFO  com.tecskool.base.BasePage - Getting attribute 'value' from element: By.id: color-intensity
2026-06-08 15:06:13 [main] INFO  com.tecskool.base.BasePage - Getting attribute 'value' from element: By.id: color-intensity
2026-06-08 15:06:13 [main] INFO  com.tecskool.base.BasePage - Getting attribute 'value' from element: By.id: color-intensity
2026-06-08 15:06:13 [main] INFO  com.tecskool.base.BasePage - Getting attribute 'value' from element: By.id: color-intensity
2026-06-08 15:06:13 [main] INFO  com.tecskool.base.BasePage - Getting attribute 'value' from element: By.id: color-intensity
2026-06-08 15:06:14 [main] INFO  com.tecskool.base.BasePage - Getting attribute 'value' from element: By.id: color-intensity
2026-06-08 15:06:14 [main] INFO  com.tecskool.base.BasePage - Getting attribute 'value' from element: By.id: color-intensity
2026-06-08 15:06:14 [main] INFO  com.tecskool.base.BasePage - Getting attribute 'value' from element: By.id: color-intensity
2026-06-08 15:06:14 [main] INFO  com.tecskool.base.BasePage - Getting attribute 'value' from element: By.id: color-intensity
2026-06-08 15:06:14 [main] INFO  com.tecskool.base.BasePage - Getting attribute 'value' from element: By.id: color-intensity
2026-06-08 15:06:14 [main] INFO  com.tecskool.base.BasePage - Getting attribute 'value' from element: By.id: color-intensity
2026-06-08 15:06:14 [main] INFO  com.tecskool.base.BasePage - Getting attribute 'value' from element: By.id: color-intensity
2026-06-08 15:06:14 [main] INFO  com.tecskool.base.BasePage - Getting attribute 'value' from element: By.id: color-intensity
2026-06-08 15:06:14 [main] INFO  com.tecskool.base.BasePage - Getting attribute 'value' from element: By.id: color-intensity
2026-06-08 15:06:14 [main] INFO  com.tecskool.base.BasePage - Getting attribute 'value' from element: By.id: color-intensity
2026-06-08 15:06:14 [main] INFO  com.tecskool.base.BasePage - Getting attribute 'value' from element: By.id: color-intensity
2026-06-08 15:06:14 [main] INFO  com.tecskool.base.BasePage - Getting attribute 'value' from element: By.id: color-intensity
2026-06-08 15:06:14 [main] INFO  com.tecskool.base.BasePage - Getting attribute 'value' from element: By.id: color-intensity
2026-06-08 15:06:14 [main] INFO  com.tecskool.base.BasePage - Getting attribute 'value' from element: By.id: color-intensity
2026-06-08 15:06:15 [main] INFO  com.tecskool.base.BasePage - Getting attribute 'value' from element: By.id: color-intensity
2026-06-08 15:06:15 [main] INFO  com.tecskool.base.BasePage - Getting attribute 'value' from element: By.id: color-intensity
2026-06-08 15:06:15 [main] INFO  com.tecskool.base.BasePage - Getting attribute 'value' from element: By.id: color-intensity
2026-06-08 15:06:15 [main] INFO  com.tecskool.base.BasePage - Getting attribute 'value' from element: By.id: color-intensity
2026-06-08 15:06:15 [main] INFO  com.tecskool.base.BasePage - Getting attribute 'value' from element: By.id: color-intensity
2026-06-08 15:06:15 [main] INFO  com.tecskool.base.BasePage - Getting attribute 'value' from element: By.id: color-intensity
2026-06-08 15:06:15 [main] INFO  com.tecskool.base.BasePage - Getting attribute 'value' from element: By.id: color-intensity
2026-06-08 15:06:15 [main] INFO  com.tecskool.base.BasePage - Getting attribute 'value' from element: By.id: color-intensity
2026-06-08 15:06:15 [main] INFO  com.tecskool.base.BasePage - Getting attribute 'value' from element: By.id: color-intensity
2026-06-08 15:06:15 [main] INFO  com.tecskool.base.BasePage - Getting attribute 'value' from element: By.id: color-intensity
2026-06-08 15:06:15 [main] INFO  com.tecskool.base.BasePage - Getting attribute 'value' from element: By.id: color-intensity
2026-06-08 15:06:15 [main] INFO  com.tecskool.base.BasePage - Getting attribute 'value' from element: By.id: color-intensity
2026-06-08 15:06:16 [main] INFO  com.tecskool.base.BasePage - Getting attribute 'value' from element: By.id: color-intensity
2026-06-08 15:06:16 [main] INFO  com.tecskool.base.BasePage - Getting attribute 'value' from element: By.id: color-intensity
2026-06-08 15:06:16 [main] INFO  com.tecskool.base.BasePage - Getting attribute 'value' from element: By.id: color-intensity
2026-06-08 15:06:16 [main] INFO  com.tecskool.base.BasePage - Getting attribute 'value' from element: By.id: color-intensity
2026-06-08 15:06:16 [main] INFO  com.tecskool.base.BasePage - Getting attribute 'value' from element: By.id: color-intensity
2026-06-08 15:06:16 [main] INFO  com.tecskool.base.BasePage - Getting attribute 'value' from element: By.id: color-intensity
2026-06-08 15:06:16 [main] INFO  com.tecskool.base.BasePage - Getting attribute 'value' from element: By.id: color-intensity
2026-06-08 15:06:16 [main] INFO  com.tecskool.base.BasePage - Getting attribute 'value' from element: By.id: color-intensity
2026-06-08 15:06:16 [main] INFO  com.tecskool.base.BasePage - Getting attribute 'value' from element: By.id: color-intensity
2026-06-08 15:06:16 [main] INFO  com.tecskool.base.BasePage - Getting attribute 'value' from element: By.id: color-intensity
2026-06-08 15:06:16 [main] INFO  com.tecskool.base.BasePage - Getting attribute 'value' from element: By.id: color-intensity
2026-06-08 15:06:16 [main] INFO  com.tecskool.base.BasePage - Getting attribute 'value' from element: By.id: color-intensity
2026-06-08 15:06:16 [main] INFO  com.tecskool.base.BasePage - Getting attribute 'value' from element: By.id: color-intensity
2026-06-08 15:06:16 [main] INFO  com.tecskool.base.BasePage - Getting attribute 'value' from element: By.id: color-intensity
2026-06-08 15:06:16 [main] INFO  com.tecskool.base.BasePage - Getting attribute 'value' from element: By.id: color-intensity
2026-06-08 15:06:16 [main] INFO  com.tecskool.base.BasePage - Getting attribute 'value' from element: By.id: color-intensity
2026-06-08 15:06:17 [main] INFO  com.tecskool.base.BasePage - Getting attribute 'value' from element: By.id: color-intensity
2026-06-08 15:06:17 [main] INFO  com.tecskool.base.BasePage - Getting attribute 'value' from element: By.id: color-intensity
2026-06-08 15:06:17 [main] INFO  com.tecskool.base.BasePage - Getting attribute 'value' from element: By.id: color-intensity
2026-06-08 15:06:17 [main] INFO  com.tecskool.base.BasePage - Getting attribute 'value' from element: By.id: color-intensity
2026-06-08 15:06:17 [main] INFO  com.tecskool.base.BasePage - Getting attribute 'value' from element: By.id: color-intensity
2026-06-08 15:06:17 [main] INFO  com.tecskool.base.BasePage - Getting attribute 'value' from element: By.id: color-intensity
2026-06-08 15:06:17 [main] INFO  com.tecskool.base.BasePage - Getting attribute 'value' from element: By.id: color-intensity
2026-06-08 15:06:17 [main] INFO  com.tecskool.base.BasePage - Getting attribute 'value' from element: By.id: color-intensity
2026-06-08 15:06:17 [main] INFO  com.tecskool.base.BasePage - Getting attribute 'value' from element: By.id: color-intensity
2026-06-08 15:06:17 [main] INFO  com.tecskool.base.BasePage - Getting attribute 'value' from element: By.id: color-intensity
2026-06-08 15:06:17 [main] INFO  com.tecskool.base.BasePage - Getting attribute 'value' from element: By.id: color-intensity
2026-06-08 15:06:17 [main] INFO  com.tecskool.base.BasePage - Getting attribute 'value' from element: By.id: color-intensity
2026-06-08 15:06:17 [main] INFO  com.tecskool.base.BasePage - Getting attribute 'value' from element: By.id: color-intensity
2026-06-08 15:06:17 [main] INFO  com.tecskool.base.BasePage - Getting attribute 'value' from element: By.id: color-intensity
2026-06-08 15:06:17 [main] INFO  com.tecskool.base.BasePage - Getting attribute 'value' from element: By.id: color-intensity
2026-06-08 15:06:17 [main] INFO  com.tecskool.base.BasePage - Getting attribute 'value' from element: By.id: color-intensity
2026-06-08 15:06:17 [main] INFO  com.tecskool.base.BasePage - Getting attribute 'value' from element: By.id: color-intensity
2026-06-08 15:06:18 [main] INFO  com.tecskool.base.BasePage - Getting attribute 'value' from element: By.id: color-intensity
2026-06-08 15:06:18 [main] INFO  com.tecskool.base.BasePage - Getting attribute 'value' from element: By.id: color-intensity
2026-06-08 15:06:18 [main] INFO  com.tecskool.base.BasePage - Getting attribute 'value' from element: By.id: color-intensity
2026-06-08 15:06:18 [main] INFO  com.tecskool.base.BasePage - Getting attribute 'value' from element: By.id: color-intensity
2026-06-08 15:06:18 [main] INFO  com.tecskool.base.BasePage - Getting attribute 'value' from element: By.id: color-intensity
2026-06-08 15:06:18 [main] INFO  com.tecskool.base.BasePage - Getting attribute 'value' from element: By.id: color-intensity
2026-06-08 15:06:18 [main] INFO  com.tecskool.base.BasePage - Getting attribute 'value' from element: By.id: color-intensity
2026-06-08 15:06:18 [main] INFO  com.tecskool.base.BasePage - Getting attribute 'value' from element: By.id: color-intensity
2026-06-08 15:06:20 [main] INFO  com.tecskool.base.BasePage - Getting text from element: By.id: intensity-value
2026-06-08 15:06:20 [main] INFO  com.tecskool.base.BasePage - Getting attribute 'value' from element: By.id: color-intensity
2026-06-08 15:06:20 [main] INFO  com.tecskool.tests.SliderPageTest - Background style after setting to 200: rgba(200, 200, 200, 1)
2026-06-08 15:06:20 [main] INFO  com.tecskool.tests.SliderPageTest - Starting testSliderMinMax...
2026-06-08 15:06:20 [main] INFO  com.tecskool.tests.SliderPageTest - Setting slider value to min: 0
2026-06-08 15:06:22 [main] INFO  com.tecskool.base.BasePage - Getting text from element: By.id: intensity-value
2026-06-08 15:06:22 [main] INFO  com.tecskool.base.BasePage - Getting attribute 'value' from element: By.id: color-intensity
2026-06-08 15:06:22 [main] INFO  com.tecskool.tests.SliderPageTest - Setting slider value to max: 255
2026-06-08 15:06:24 [main] INFO  com.tecskool.base.BasePage - Getting text from element: By.id: intensity-value
2026-06-08 15:06:24 [main] INFO  com.tecskool.base.BasePage - Getting attribute 'value' from element: By.id: color-intensity
2026-06-08 15:06:24 [main] INFO  com.tecskool.tests.SliderPageTest - Logging out and quitting browser...
2026-06-08 15:06:24 [main] INFO  com.tecskool.base.BasePage - Checking visibility of element: By.id: logout-btn
2026-06-08 15:06:24 [main] INFO  com.tecskool.base.BasePage - Clicking on element: By.id: logout-btn
2026-06-08 15:06:27 [main] INFO  com.tecskool.tests.SliderPageTest - Logout button clicked successfully.
2026-06-08 15:06:27 [main] INFO  com.tecskool.factory.DriverFactory - WebDriver quit successfully
2026-06-08 15:10:54 [main] INFO  com.tecskool.listeners.TestListener - Test Suite 'Login Tests' execution started.
2026-06-08 15:10:54 [main] INFO  com.tecskool.base.BaseTest - Setting up test execution...
2026-06-08 15:10:54 [main] INFO  com.tecskool.utils.ConfigReader - Loaded config.properties successfully from classpath
2026-06-08 15:10:54 [main] INFO  com.tecskool.factory.DriverFactory - Initializing WebDriver for browser: chrome
2026-06-08 15:10:55 [main] INFO  com.tecskool.factory.DriverFactory - WebDriver initialized successfully with 10 seconds implicit wait
2026-06-08 15:10:55 [main] INFO  com.tecskool.base.BaseTest - Opening URL: https://practice.tecskool.com/
2026-06-08 15:10:56 [main] INFO  com.tecskool.listeners.TestListener - Running test method: testValidLogin
2026-06-08 15:10:56 [main] INFO  com.tecskool.tests.LoginTest - Executing testValidLogin...
2026-06-08 15:10:56 [main] INFO  com.tecskool.base.BasePage - Typing 'learning@tecskool.com' in element: By.id: username
2026-06-08 15:10:58 [main] INFO  com.tecskool.base.BasePage - Typing 'tecskool123' in element: By.id: password
2026-06-08 15:11:00 [main] INFO  com.tecskool.base.BasePage - Clicking on element: By.id: login-button
2026-06-08 15:11:03 [main] INFO  com.tecskool.tests.LoginTest - Asserting that logout button is visible on the dashboard...
2026-06-08 15:11:03 [main] INFO  com.tecskool.base.BasePage - Checking visibility of element: By.id: logout-btn
2026-06-08 15:11:03 [main] INFO  com.tecskool.tests.LoginTest - testValidLogin passed.
2026-06-08 15:11:03 [main] INFO  com.tecskool.listeners.TestListener - Test method 'testValidLogin' PASSED.
2026-06-08 15:11:03 [main] INFO  com.tecskool.base.BaseTest - Tearing down test execution...
2026-06-08 15:11:03 [main] INFO  com.tecskool.factory.DriverFactory - WebDriver quit successfully
2026-06-08 15:11:03 [main] INFO  com.tecskool.base.BaseTest - Setting up test execution...
2026-06-08 15:11:03 [main] INFO  com.tecskool.factory.DriverFactory - Initializing WebDriver for browser: chrome
2026-06-08 15:11:04 [main] INFO  com.tecskool.factory.DriverFactory - WebDriver initialized successfully with 10 seconds implicit wait
2026-06-08 15:11:04 [main] INFO  com.tecskool.base.BaseTest - Opening URL: https://practice.tecskool.com/
2026-06-08 15:11:05 [main] INFO  com.tecskool.listeners.TestListener - Running test method: testInvalidLogin
2026-06-08 15:11:05 [main] INFO  com.tecskool.tests.LoginTest - Executing testInvalidLogin...
2026-06-08 15:11:05 [main] INFO  com.tecskool.base.BasePage - Typing 'invalid_user@tecskool.com' in element: By.id: username
2026-06-08 15:11:07 [main] INFO  com.tecskool.base.BasePage - Typing 'invalid_password' in element: By.id: password
2026-06-08 15:11:09 [main] INFO  com.tecskool.base.BasePage - Clicking on element: By.id: login-button
2026-06-08 15:11:11 [main] INFO  com.tecskool.tests.LoginTest - Asserting that the error message text matches...
2026-06-08 15:11:11 [main] INFO  com.tecskool.base.BasePage - Getting text from element: By.id: error-message
2026-06-08 15:11:11 [main] INFO  com.tecskool.tests.LoginTest - testInvalidLogin passed.
2026-06-08 15:11:11 [main] INFO  com.tecskool.listeners.TestListener - Test method 'testInvalidLogin' PASSED.
2026-06-08 15:11:11 [main] INFO  com.tecskool.base.BaseTest - Tearing down test execution...
2026-06-08 15:11:11 [main] INFO  com.tecskool.factory.DriverFactory - WebDriver quit successfully
2026-06-08 15:11:11 [main] INFO  com.tecskool.tests.PersonalInfoPageTest - Initializing browser session and logging in...
2026-06-08 15:11:11 [main] INFO  com.tecskool.factory.DriverFactory - Initializing WebDriver for browser: chrome
2026-06-08 15:11:12 [main] INFO  com.tecskool.factory.DriverFactory - WebDriver initialized successfully with 10 seconds implicit wait
2026-06-08 15:11:13 [main] INFO  com.tecskool.base.BasePage - Typing 'learning@tecskool.com' in element: By.id: username
2026-06-08 15:11:15 [main] INFO  com.tecskool.base.BasePage - Typing 'tecskool123' in element: By.id: password
2026-06-08 15:11:17 [main] INFO  com.tecskool.base.BasePage - Clicking on element: By.id: login-button
2026-06-08 15:11:19 [main] INFO  com.tecskool.listeners.TestListener - Running test method: testFillAndEraseInfo
2026-06-08 15:11:19 [main] INFO  com.tecskool.tests.PersonalInfoPageTest - Starting Scenario 1: Fill valid personal details and erase them...
2026-06-08 15:11:19 [main] INFO  com.tecskool.tests.PersonalInfoPageTest - Entering details: Name='Jane Doe', DOB='12/12/1990', Email='jane.doe@example.com'
2026-06-08 15:11:19 [main] INFO  com.tecskool.base.BasePage - Typing 'Jane Doe' in element: By.id: full-name
2026-06-08 15:11:22 [main] INFO  com.tecskool.base.BasePage - Typing '12/12/1990' in element: By.id: dob
2026-06-08 15:11:24 [main] INFO  com.tecskool.base.BasePage - Typing 'jane.doe@example.com' in element: By.id: email
2026-06-08 15:11:26 [main] INFO  com.tecskool.tests.PersonalInfoPageTest - Verifying form values...
2026-06-08 15:11:26 [main] INFO  com.tecskool.base.BasePage - Getting attribute 'value' from element: By.id: full-name
2026-06-08 15:11:26 [main] INFO  com.tecskool.base.BasePage - Getting attribute 'value' from element: By.id: dob
2026-06-08 15:11:26 [main] INFO  com.tecskool.base.BasePage - Getting attribute 'value' from element: By.id: email
2026-06-08 15:11:26 [main] INFO  com.tecskool.tests.PersonalInfoPageTest - Erasing (clearing) all entered data...
2026-06-08 15:11:26 [main] INFO  com.tecskool.base.BasePage - Clearing text in element: By.id: full-name
2026-06-08 15:11:28 [main] INFO  com.tecskool.base.BasePage - Clearing text in element: By.id: dob
2026-06-08 15:11:30 [main] INFO  com.tecskool.base.BasePage - Clearing text in element: By.id: email
2026-06-08 15:11:32 [main] INFO  com.tecskool.base.BasePage - Getting attribute 'value' from element: By.id: full-name
2026-06-08 15:11:32 [main] INFO  com.tecskool.base.BasePage - Getting attribute 'value' from element: By.id: dob
2026-06-08 15:11:32 [main] INFO  com.tecskool.base.BasePage - Getting attribute 'value' from element: By.id: email
2026-06-08 15:11:32 [main] INFO  com.tecskool.tests.PersonalInfoPageTest - Scenario 1 passed.
2026-06-08 15:11:32 [main] INFO  com.tecskool.listeners.TestListener - Test method 'testFillAndEraseInfo' PASSED.
2026-06-08 15:11:32 [main] INFO  com.tecskool.listeners.TestListener - Running test method: testNameValidation
2026-06-08 15:11:32 [main] INFO  com.tecskool.tests.PersonalInfoPageTest - Starting Scenario 2: Validate short name error message...
2026-06-08 15:11:32 [main] INFO  com.tecskool.tests.PersonalInfoPageTest - Entering 1-character name...
2026-06-08 15:11:32 [main] INFO  com.tecskool.base.BasePage - Typing 'A' in element: By.id: full-name
2026-06-08 15:11:34 [main] INFO  com.tecskool.base.BasePage - Typing '' in element: By.id: dob
2026-06-08 15:11:36 [main] INFO  com.tecskool.base.BasePage - Getting text from element: By.id: name-error
2026-06-08 15:11:37 [main] INFO  com.tecskool.tests.PersonalInfoPageTest - Asserting name validation error message...
2026-06-08 15:11:37 [main] INFO  com.tecskool.tests.PersonalInfoPageTest - Clearing Full Name input...
2026-06-08 15:11:37 [main] INFO  com.tecskool.base.BasePage - Clearing text in element: By.id: full-name
2026-06-08 15:11:39 [main] INFO  com.tecskool.tests.PersonalInfoPageTest - Scenario 2 passed.
2026-06-08 15:11:39 [main] INFO  com.tecskool.listeners.TestListener - Test method 'testNameValidation' PASSED.
2026-06-08 15:11:39 [main] INFO  com.tecskool.listeners.TestListener - Running test method: testEmailValidation
2026-06-08 15:11:39 [main] INFO  com.tecskool.tests.PersonalInfoPageTest - Starting Scenario 3: Validate invalid email error message...
2026-06-08 15:11:39 [main] INFO  com.tecskool.tests.PersonalInfoPageTest - Entering invalid email...
2026-06-08 15:11:39 [main] INFO  com.tecskool.base.BasePage - Typing 'invalidemail' in element: By.id: email
2026-06-08 15:11:41 [main] INFO  com.tecskool.base.BasePage - Getting text from element: By.id: email-error
2026-06-08 15:11:41 [main] INFO  com.tecskool.tests.PersonalInfoPageTest - Asserting email validation error message...
2026-06-08 15:11:41 [main] INFO  com.tecskool.tests.PersonalInfoPageTest - Clearing Email input...
2026-06-08 15:11:41 [main] INFO  com.tecskool.base.BasePage - Clearing text in element: By.id: email
2026-06-08 15:11:43 [main] INFO  com.tecskool.tests.PersonalInfoPageTest - Scenario 3 passed.
2026-06-08 15:11:43 [main] INFO  com.tecskool.listeners.TestListener - Test method 'testEmailValidation' PASSED.
2026-06-08 15:11:43 [main] INFO  com.tecskool.tests.PersonalInfoPageTest - Logging out and quitting browser...
2026-06-08 15:11:43 [main] INFO  com.tecskool.base.BasePage - Checking visibility of element: By.id: logout-btn
2026-06-08 15:11:43 [main] INFO  com.tecskool.base.BasePage - Clicking on element: By.id: logout-btn
2026-06-08 15:11:45 [main] INFO  com.tecskool.tests.PersonalInfoPageTest - Logout button clicked successfully.
2026-06-08 15:11:45 [main] INFO  com.tecskool.factory.DriverFactory - WebDriver quit successfully
2026-06-08 15:11:45 [main] INFO  com.tecskool.base.BaseTest - Setting up test execution...
2026-06-08 15:11:45 [main] INFO  com.tecskool.factory.DriverFactory - Initializing WebDriver for browser: chrome
2026-06-08 15:11:46 [main] INFO  com.tecskool.factory.DriverFactory - WebDriver initialized successfully with 10 seconds implicit wait
2026-06-08 15:11:46 [main] INFO  com.tecskool.base.BaseTest - Opening URL: https://practice.tecskool.com/
2026-06-08 15:11:47 [main] INFO  com.tecskool.listeners.TestListener - Running test method: testSelectionControls
2026-06-08 15:11:47 [main] INFO  com.tecskool.tests.SelectionControlsPageTest - Executing testSelectionControls...
2026-06-08 15:11:47 [main] INFO  com.tecskool.base.BasePage - Typing 'learning@tecskool.com' in element: By.id: username
2026-06-08 15:11:49 [main] INFO  com.tecskool.base.BasePage - Typing 'tecskool123' in element: By.id: password
2026-06-08 15:11:51 [main] INFO  com.tecskool.base.BasePage - Clicking on element: By.id: login-button
2026-06-08 15:11:53 [main] INFO  com.tecskool.tests.SelectionControlsPageTest - Selecting Male radio button...
2026-06-08 15:11:53 [main] INFO  com.tecskool.base.BasePage - Clicking on element: By.id: male
2026-06-08 15:11:55 [main] INFO  com.tecskool.base.BasePage - Checking selection state of element: By.id: male
2026-06-08 15:11:55 [main] INFO  com.tecskool.base.BasePage - Checking selection state of element: By.id: female
2026-06-08 15:11:56 [main] INFO  com.tecskool.tests.SelectionControlsPageTest - Selecting Female radio button...
2026-06-08 15:11:56 [main] INFO  com.tecskool.base.BasePage - Clicking on element: By.id: female
2026-06-08 15:11:58 [main] INFO  com.tecskool.base.BasePage - Checking selection state of element: By.id: female
2026-06-08 15:11:58 [main] INFO  com.tecskool.base.BasePage - Checking selection state of element: By.id: male
2026-06-08 15:11:58 [main] INFO  com.tecskool.tests.SelectionControlsPageTest - Checking interest checkboxes...
2026-06-08 15:11:58 [main] INFO  com.tecskool.base.BasePage - Checking selection state of element: By.id: coding
2026-06-08 15:11:58 [main] INFO  com.tecskool.base.BasePage - Clicking on element: By.id: coding
2026-06-08 15:12:00 [main] INFO  com.tecskool.base.BasePage - Checking selection state of element: By.id: design
2026-06-08 15:12:00 [main] INFO  com.tecskool.base.BasePage - Clicking on element: By.id: design
2026-06-08 15:12:02 [main] INFO  com.tecskool.base.BasePage - Checking selection state of element: By.id: testing
2026-06-08 15:12:02 [main] INFO  com.tecskool.base.BasePage - Clicking on element: By.id: testing
2026-06-08 15:12:04 [main] INFO  com.tecskool.base.BasePage - Checking selection state of element: By.id: coding
2026-06-08 15:12:04 [main] INFO  com.tecskool.base.BasePage - Checking selection state of element: By.id: design
2026-06-08 15:12:04 [main] INFO  com.tecskool.base.BasePage - Checking selection state of element: By.id: testing
2026-06-08 15:12:04 [main] INFO  com.tecskool.tests.SelectionControlsPageTest - Unchecking Design checkbox...
2026-06-08 15:12:04 [main] INFO  com.tecskool.base.BasePage - Checking selection state of element: By.id: design
2026-06-08 15:12:04 [main] INFO  com.tecskool.base.BasePage - Clicking on element: By.id: design
2026-06-08 15:12:06 [main] INFO  com.tecskool.base.BasePage - Checking selection state of element: By.id: design
2026-06-08 15:12:06 [main] INFO  com.tecskool.base.BasePage - Checking selection state of element: By.id: coding
2026-06-08 15:12:06 [main] INFO  com.tecskool.tests.SelectionControlsPageTest - testSelectionControls completed successfully.
2026-06-08 15:12:06 [main] INFO  com.tecskool.listeners.TestListener - Test method 'testSelectionControls' PASSED.
2026-06-08 15:12:06 [main] INFO  com.tecskool.base.BaseTest - Tearing down test execution...
2026-06-08 15:12:06 [main] INFO  com.tecskool.factory.DriverFactory - WebDriver quit successfully
2026-06-08 15:12:06 [main] INFO  com.tecskool.tests.DropdownPageTest - Initializing browser session and logging in...
2026-06-08 15:12:06 [main] INFO  com.tecskool.factory.DriverFactory - Initializing WebDriver for browser: chrome
2026-06-08 15:12:07 [main] INFO  com.tecskool.factory.DriverFactory - WebDriver initialized successfully with 10 seconds implicit wait
2026-06-08 15:12:11 [main] INFO  com.tecskool.base.BasePage - Typing 'learning@tecskool.com' in element: By.id: username
2026-06-08 15:12:13 [main] INFO  com.tecskool.base.BasePage - Typing 'tecskool123' in element: By.id: password
2026-06-08 15:12:15 [main] INFO  com.tecskool.base.BasePage - Clicking on element: By.id: login-button
2026-06-08 15:12:17 [main] INFO  com.tecskool.listeners.TestListener - Running test method: testCountryDropdown
2026-06-08 15:12:17 [main] INFO  com.tecskool.tests.DropdownPageTest - Starting testCountryDropdown scenario...
2026-06-08 15:12:17 [main] INFO  com.tecskool.tests.DropdownPageTest - Verifying default selected country...
2026-06-08 15:12:17 [main] INFO  com.tecskool.tests.DropdownPageTest - Selecting India...
2026-06-08 15:12:19 [main] INFO  com.tecskool.tests.DropdownPageTest - testCountryDropdown completed successfully.
2026-06-08 15:12:19 [main] INFO  com.tecskool.listeners.TestListener - Test method 'testCountryDropdown' PASSED.
2026-06-08 15:12:19 [main] INFO  com.tecskool.listeners.TestListener - Running test method: testSkillsDropdown
2026-06-08 15:12:19 [main] INFO  com.tecskool.tests.DropdownPageTest - Starting testSkillsDropdown scenario...
2026-06-08 15:12:19 [main] INFO  com.tecskool.tests.DropdownPageTest - Verifying initial selected skills is empty...
2026-06-08 15:12:20 [main] INFO  com.tecskool.tests.DropdownPageTest - Selecting skills: Java, Selenium...
2026-06-08 15:12:24 [main] INFO  com.tecskool.tests.DropdownPageTest - Deselecting skill: Java...
2026-06-08 15:12:26 [main] INFO  com.tecskool.tests.DropdownPageTest - testSkillsDropdown completed successfully.
2026-06-08 15:12:26 [main] INFO  com.tecskool.listeners.TestListener - Test method 'testSkillsDropdown' PASSED.
2026-06-08 15:12:26 [main] INFO  com.tecskool.tests.DropdownPageTest - Logging out and quitting browser...
2026-06-08 15:12:26 [main] INFO  com.tecskool.base.BasePage - Checking visibility of element: By.id: logout-btn
2026-06-08 15:12:26 [main] INFO  com.tecskool.base.BasePage - Clicking on element: By.id: logout-btn
2026-06-08 15:12:28 [main] INFO  com.tecskool.tests.DropdownPageTest - Logout button clicked successfully.
2026-06-08 15:12:28 [main] INFO  com.tecskool.factory.DriverFactory - WebDriver quit successfully
2026-06-08 15:12:28 [main] INFO  com.tecskool.tests.AutoSuggestionPageTest - Initializing browser session and logging in...
2026-06-08 15:12:28 [main] INFO  com.tecskool.factory.DriverFactory - Initializing WebDriver for browser: chrome
2026-06-08 15:12:29 [main] INFO  com.tecskool.factory.DriverFactory - WebDriver initialized successfully with 10 seconds implicit wait
2026-06-08 15:12:30 [main] INFO  com.tecskool.base.BasePage - Typing 'learning@tecskool.com' in element: By.id: username
2026-06-08 15:12:32 [main] INFO  com.tecskool.base.BasePage - Typing 'tecskool123' in element: By.id: password
2026-06-08 15:12:34 [main] INFO  com.tecskool.base.BasePage - Clicking on element: By.id: login-button
2026-06-08 15:12:37 [main] INFO  com.tecskool.listeners.TestListener - Running test method: testSuggestionsMatching
2026-06-08 15:12:37 [main] INFO  com.tecskool.tests.AutoSuggestionPageTest - Starting testSuggestionsMatching scenario...
2026-06-08 15:12:37 [main] INFO  com.tecskool.tests.AutoSuggestionPageTest - Typing search keyword 'J'...
2026-06-08 15:12:39 [main] INFO  com.tecskool.tests.AutoSuggestionPageTest - Verifying suggestions list contains JavaScript and Java...
2026-06-08 15:12:39 [main] INFO  com.tecskool.tests.AutoSuggestionPageTest - testSuggestionsMatching completed successfully.
2026-06-08 15:12:39 [main] INFO  com.tecskool.listeners.TestListener - Test method 'testSuggestionsMatching' PASSED.
2026-06-08 15:12:39 [main] INFO  com.tecskool.listeners.TestListener - Running test method: testSelectSuggestion
2026-06-08 15:12:39 [main] INFO  com.tecskool.tests.AutoSuggestionPageTest - Starting testSelectSuggestion scenario...
2026-06-08 15:12:39 [main] INFO  com.tecskool.tests.AutoSuggestionPageTest - Typing search keyword 'J'...
2026-06-08 15:12:41 [main] INFO  com.tecskool.tests.AutoSuggestionPageTest - Selecting 'Java' from suggestions...
2026-06-08 15:12:43 [main] INFO  com.tecskool.tests.AutoSuggestionPageTest - Verifying input value matches selected item...
2026-06-08 15:12:43 [main] INFO  com.tecskool.base.BasePage - Getting attribute 'value' from element: By.id: programming-lang
2026-06-08 15:12:43 [main] INFO  com.tecskool.tests.AutoSuggestionPageTest - Verifying that suggestions box is hidden...
2026-06-08 15:12:43 [main] INFO  com.tecskool.base.BasePage - Checking visibility of element: By.id: suggestions
2026-06-08 15:12:43 [main] INFO  com.tecskool.tests.AutoSuggestionPageTest - testSelectSuggestion completed successfully.
2026-06-08 15:12:43 [main] INFO  com.tecskool.listeners.TestListener - Test method 'testSelectSuggestion' PASSED.
2026-06-08 15:12:43 [main] INFO  com.tecskool.tests.AutoSuggestionPageTest - Logging out and quitting browser...
2026-06-08 15:12:43 [main] INFO  com.tecskool.base.BasePage - Checking visibility of element: By.id: logout-btn
2026-06-08 15:12:43 [main] INFO  com.tecskool.base.BasePage - Clicking on element: By.id: logout-btn
2026-06-08 15:12:45 [main] INFO  com.tecskool.tests.AutoSuggestionPageTest - Logout button clicked successfully.
2026-06-08 15:12:46 [main] INFO  com.tecskool.factory.DriverFactory - WebDriver quit successfully
2026-06-08 15:12:46 [main] INFO  com.tecskool.tests.ButtonControlsPageTest - Initializing browser session and logging in...
2026-06-08 15:12:46 [main] INFO  com.tecskool.factory.DriverFactory - Initializing WebDriver for browser: chrome
2026-06-08 15:12:46 [main] INFO  com.tecskool.factory.DriverFactory - WebDriver initialized successfully with 10 seconds implicit wait
2026-06-08 15:12:47 [main] INFO  com.tecskool.base.BasePage - Typing 'learning@tecskool.com' in element: By.id: username
2026-06-08 15:12:50 [main] INFO  com.tecskool.base.BasePage - Typing 'tecskool123' in element: By.id: password
2026-06-08 15:12:52 [main] INFO  com.tecskool.base.BasePage - Clicking on element: By.id: login-button
2026-06-08 15:12:54 [main] INFO  com.tecskool.listeners.TestListener - Running test method: testTargetButtonInitiallyDisabled
2026-06-08 15:12:54 [main] INFO  com.tecskool.tests.ButtonControlsPageTest - Starting testTargetButtonInitiallyDisabled...
2026-06-08 15:12:54 [main] INFO  com.tecskool.base.BasePage - Getting text from element: By.id: target-btn
2026-06-08 15:12:54 [main] INFO  com.tecskool.tests.ButtonControlsPageTest - testTargetButtonInitiallyDisabled completed successfully.
2026-06-08 15:12:54 [main] INFO  com.tecskool.listeners.TestListener - Test method 'testTargetButtonInitiallyDisabled' PASSED.
2026-06-08 15:12:54 [main] INFO  com.tecskool.listeners.TestListener - Running test method: testEnableButton
2026-06-08 15:12:54 [main] INFO  com.tecskool.tests.ButtonControlsPageTest - Starting testEnableButton...
2026-06-08 15:12:54 [main] INFO  com.tecskool.tests.ButtonControlsPageTest - Clicking Enable Button...
2026-06-08 15:12:54 [main] INFO  com.tecskool.base.BasePage - Clicking on element: By.id: enable-btn
2026-06-08 15:12:56 [main] INFO  com.tecskool.tests.ButtonControlsPageTest - Verifying Target Button is enabled...
2026-06-08 15:12:56 [main] INFO  com.tecskool.tests.ButtonControlsPageTest - Verifying text changed to 'Enabled Button'...
2026-06-08 15:12:56 [main] INFO  com.tecskool.base.BasePage - Getting text from element: By.id: target-btn
2026-06-08 15:12:56 [main] INFO  com.tecskool.tests.ButtonControlsPageTest - Verifying color is green...
2026-06-08 15:12:56 [main] INFO  com.tecskool.base.BasePage - Getting attribute 'class' from element: By.id: target-btn
2026-06-08 15:12:56 [main] INFO  com.tecskool.tests.ButtonControlsPageTest - Target Button class: btn btn-success, background-color: rgba(39, 174, 96, 1)
2026-06-08 15:12:56 [main] INFO  com.tecskool.tests.ButtonControlsPageTest - testEnableButton completed successfully.
2026-06-08 15:12:56 [main] INFO  com.tecskool.listeners.TestListener - Test method 'testEnableButton' PASSED.
2026-06-08 15:12:56 [main] INFO  com.tecskool.listeners.TestListener - Running test method: testDisableButton
2026-06-08 15:12:56 [main] INFO  com.tecskool.tests.ButtonControlsPageTest - Starting testDisableButton...
2026-06-08 15:12:56 [main] INFO  com.tecskool.tests.ButtonControlsPageTest - Clicking Disable Button...
2026-06-08 15:12:56 [main] INFO  com.tecskool.base.BasePage - Clicking on element: By.id: disable-btn
2026-06-08 15:12:58 [main] INFO  com.tecskool.tests.ButtonControlsPageTest - Verifying Target Button is disabled...
2026-06-08 15:12:58 [main] INFO  com.tecskool.tests.ButtonControlsPageTest - Verifying text changed to 'Target Button'...
2026-06-08 15:12:58 [main] INFO  com.tecskool.base.BasePage - Getting text from element: By.id: target-btn
2026-06-08 15:12:58 [main] INFO  com.tecskool.tests.ButtonControlsPageTest - Verifying color is returned to default (no green color)...
2026-06-08 15:12:58 [main] INFO  com.tecskool.base.BasePage - Getting attribute 'class' from element: By.id: target-btn
2026-06-08 15:12:58 [main] INFO  com.tecskool.tests.ButtonControlsPageTest - Target Button class: btn btn-success, background-color: rgba(189, 195, 199, 1)
2026-06-08 15:12:58 [main] INFO  com.tecskool.tests.ButtonControlsPageTest - testDisableButton completed successfully.
2026-06-08 15:12:58 [main] INFO  com.tecskool.listeners.TestListener - Test method 'testDisableButton' PASSED.
2026-06-08 15:12:58 [main] INFO  com.tecskool.listeners.TestListener - Running test method: testLoadContent
2026-06-08 15:12:58 [main] INFO  com.tecskool.tests.ButtonControlsPageTest - Starting testLoadContent...
2026-06-08 15:12:58 [main] INFO  com.tecskool.tests.ButtonControlsPageTest - Clicking Load Content button...
2026-06-08 15:12:58 [main] INFO  com.tecskool.base.BasePage - Clicking on element: By.id: load-btn
2026-06-08 15:13:00 [main] INFO  com.tecskool.tests.ButtonControlsPageTest - Waiting for message to appear and verifying text...
2026-06-08 15:13:00 [main] INFO  com.tecskool.base.BasePage - Getting text from element: By.id: loaded-content
2026-06-08 15:13:02 [main] INFO  com.tecskool.base.BasePage - Checking visibility of element: By.id: loaded-content
2026-06-08 15:13:02 [main] INFO  com.tecskool.tests.ButtonControlsPageTest - testLoadContent completed successfully.
2026-06-08 15:13:02 [main] INFO  com.tecskool.listeners.TestListener - Test method 'testLoadContent' PASSED.
2026-06-08 15:13:02 [main] INFO  com.tecskool.listeners.TestListener - Running test method: testLoadedContentAfterEnableClick
2026-06-08 15:13:02 [main] INFO  com.tecskool.tests.ButtonControlsPageTest - Starting testLoadedContentAfterEnableClick...
2026-06-08 15:13:02 [main] INFO  com.tecskool.tests.ButtonControlsPageTest - Clicking Enable Button while message is displayed...
2026-06-08 15:13:02 [main] INFO  com.tecskool.base.BasePage - Clicking on element: By.id: enable-btn
2026-06-08 15:13:04 [main] INFO  com.tecskool.tests.ButtonControlsPageTest - Checking if message still shows...
2026-06-08 15:13:04 [main] INFO  com.tecskool.base.BasePage - Checking visibility of element: By.id: loaded-content
2026-06-08 15:13:04 [main] ERROR com.tecskool.listeners.TestListener - Test method 'testLoadedContentAfterEnableClick' FAILED. Exception: java.lang.AssertionError: Fail: Loaded content message still shows after clicking Enable button! expected [false] but found [true]
2026-06-08 15:13:04 [main] INFO  com.tecskool.utils.ScreenshotUtils - Screenshot saved for test 'testLoadedContentAfterEnableClick' at: C:\Users\Yashna\Desktop\Selenium Antigravity\screenshots\testLoadedContentAfterEnableClick_20260608_151304.png
2026-06-08 15:13:04 [main] INFO  com.tecskool.listeners.TestListener - Screenshot successfully linked to Extent Report.
2026-06-08 15:13:04 [main] INFO  com.tecskool.tests.ButtonControlsPageTest - Logging out and quitting browser...
2026-06-08 15:13:04 [main] INFO  com.tecskool.base.BasePage - Checking visibility of element: By.id: logout-btn
2026-06-08 15:13:04 [main] INFO  com.tecskool.base.BasePage - Clicking on element: By.id: logout-btn
2026-06-08 15:13:06 [main] INFO  com.tecskool.tests.ButtonControlsPageTest - Logout button clicked successfully.
2026-06-08 15:13:06 [main] INFO  com.tecskool.factory.DriverFactory - WebDriver quit successfully
2026-06-08 15:13:06 [main] INFO  com.tecskool.tests.DragDropPageTest - Initializing browser session and logging in...
2026-06-08 15:13:06 [main] INFO  com.tecskool.factory.DriverFactory - Initializing WebDriver for browser: chrome
2026-06-08 15:13:07 [main] INFO  com.tecskool.factory.DriverFactory - WebDriver initialized successfully with 10 seconds implicit wait
2026-06-08 15:13:08 [main] INFO  com.tecskool.base.BasePage - Typing 'learning@tecskool.com' in element: By.id: username
2026-06-08 15:13:10 [main] INFO  com.tecskool.base.BasePage - Typing 'tecskool123' in element: By.id: password
2026-06-08 15:13:12 [main] INFO  com.tecskool.base.BasePage - Clicking on element: By.id: login-button
2026-06-08 15:13:14 [main] INFO  com.tecskool.listeners.TestListener - Running test method: testInitialState
2026-06-08 15:13:14 [main] INFO  com.tecskool.tests.DragDropPageTest - Scrolling to drag and drop section...
2026-06-08 15:13:14 [main] INFO  com.tecskool.base.BasePage - Scrolling to element: By.id: drop-target
2026-06-08 15:13:17 [main] INFO  com.tecskool.tests.DragDropPageTest - Checking initial state of Drag & Drop page...
2026-06-08 15:13:17 [main] INFO  com.tecskool.base.BasePage - Getting text from element: By.id: drop-target
2026-06-08 15:13:17 [main] INFO  com.tecskool.base.BasePage - Checking visibility of element: By.xpath: //div[@id='drop-target']/div[@id='drag-item']
2026-06-08 15:13:17 [main] INFO  com.tecskool.listeners.TestListener - Test method 'testInitialState' PASSED.
2026-06-08 15:13:17 [main] INFO  com.tecskool.listeners.TestListener - Running test method: testDragAndDrop
2026-06-08 15:13:17 [main] INFO  com.tecskool.tests.DragDropPageTest - Performing drag and drop operation...
2026-06-08 15:13:17 [main] INFO  com.tecskool.base.BasePage - Scrolling to element: By.id: drop-target
2026-06-08 15:13:21 [main] INFO  com.tecskool.base.BasePage - Checking visibility of element: By.xpath: //div[@id='drop-target']/div[@id='drag-item']
2026-06-08 15:13:21 [main] INFO  com.tecskool.tests.DragDropPageTest - Verifying drag-and-drop success...
2026-06-08 15:13:21 [main] INFO  com.tecskool.base.BasePage - Checking visibility of element: By.xpath: //div[@id='drop-target']/div[@id='drag-item']
2026-06-08 15:13:21 [main] INFO  com.tecskool.base.BasePage - Getting text from element: By.id: drop-target
2026-06-08 15:13:21 [main] INFO  com.tecskool.tests.DragDropPageTest - testDragAndDrop completed successfully.
2026-06-08 15:13:21 [main] INFO  com.tecskool.listeners.TestListener - Test method 'testDragAndDrop' PASSED.
2026-06-08 15:13:21 [main] INFO  com.tecskool.tests.DragDropPageTest - Logging out and quitting browser...
2026-06-08 15:13:21 [main] INFO  com.tecskool.base.BasePage - Checking visibility of element: By.id: logout-btn
2026-06-08 15:13:21 [main] INFO  com.tecskool.base.BasePage - Clicking on element: By.id: logout-btn
2026-06-08 15:13:23 [main] INFO  com.tecskool.tests.DragDropPageTest - Logout button clicked successfully.
2026-06-08 15:13:23 [main] INFO  com.tecskool.factory.DriverFactory - WebDriver quit successfully
2026-06-08 15:13:23 [main] INFO  com.tecskool.tests.AlertsPageTest - Initializing browser session and logging in...
2026-06-08 15:13:23 [main] INFO  com.tecskool.factory.DriverFactory - Initializing WebDriver for browser: chrome
2026-06-08 15:13:24 [main] INFO  com.tecskool.factory.DriverFactory - WebDriver initialized successfully with 10 seconds implicit wait
2026-06-08 15:13:25 [main] INFO  com.tecskool.base.BasePage - Typing 'learning@tecskool.com' in element: By.id: username
2026-06-08 15:13:27 [main] INFO  com.tecskool.base.BasePage - Typing 'tecskool123' in element: By.id: password
2026-06-08 15:13:30 [main] INFO  com.tecskool.base.BasePage - Clicking on element: By.id: login-button
2026-06-08 15:13:32 [main] INFO  com.tecskool.listeners.TestListener - Running test method: testScrollToSection
2026-06-08 15:13:32 [main] INFO  com.tecskool.tests.AlertsPageTest - Scrolling to Alert Controls section...
2026-06-08 15:13:32 [main] INFO  com.tecskool.base.BasePage - Scrolling to element: By.id: simple-alert
2026-06-08 15:13:34 [main] INFO  com.tecskool.base.BasePage - Checking visibility of element: By.id: alert-result
2026-06-08 15:13:34 [main] INFO  com.tecskool.listeners.TestListener - Test method 'testScrollToSection' PASSED.
2026-06-08 15:13:34 [main] INFO  com.tecskool.listeners.TestListener - Running test method: testSimpleAlert
2026-06-08 15:13:34 [main] INFO  com.tecskool.tests.AlertsPageTest - Clicking Simple Alert button...
2026-06-08 15:13:34 [main] INFO  com.tecskool.base.BasePage - Clicking on element: By.id: simple-alert
2026-06-08 15:13:36 [main] INFO  com.tecskool.tests.AlertsPageTest - Verifying simple alert text...
2026-06-08 15:13:36 [main] INFO  com.tecskool.tests.AlertsPageTest - Accepting simple alert...
2026-06-08 15:13:38 [main] INFO  com.tecskool.tests.AlertsPageTest - Verifying simple alert result container message...
2026-06-08 15:13:38 [main] INFO  com.tecskool.base.BasePage - Checking visibility of element: By.id: alert-result
2026-06-08 15:13:38 [main] INFO  com.tecskool.base.BasePage - Getting text from element: By.id: alert-result
2026-06-08 15:13:38 [main] INFO  com.tecskool.listeners.TestListener - Test method 'testSimpleAlert' PASSED.
2026-06-08 15:13:38 [main] INFO  com.tecskool.listeners.TestListener - Running test method: testConfirmAlertAccept
2026-06-08 15:13:38 [main] INFO  com.tecskool.tests.AlertsPageTest - Clicking Confirm Alert button for Acceptance...
2026-06-08 15:13:38 [main] INFO  com.tecskool.base.BasePage - Clicking on element: By.id: confirm-alert
2026-06-08 15:13:40 [main] INFO  com.tecskool.tests.AlertsPageTest - Verifying confirm alert text...
2026-06-08 15:13:40 [main] INFO  com.tecskool.tests.AlertsPageTest - Accepting confirm alert...
2026-06-08 15:13:42 [main] INFO  com.tecskool.tests.AlertsPageTest - Verifying confirm alert accept result message...
2026-06-08 15:13:42 [main] INFO  com.tecskool.base.BasePage - Getting text from element: By.id: alert-result
2026-06-08 15:13:42 [main] INFO  com.tecskool.listeners.TestListener - Test method 'testConfirmAlertAccept' PASSED.
2026-06-08 15:13:42 [main] INFO  com.tecskool.listeners.TestListener - Running test method: testConfirmAlertDismiss
2026-06-08 15:13:42 [main] INFO  com.tecskool.tests.AlertsPageTest - Clicking Confirm Alert button for Dismissal...
2026-06-08 15:13:42 [main] INFO  com.tecskool.base.BasePage - Clicking on element: By.id: confirm-alert
2026-06-08 15:13:44 [main] INFO  com.tecskool.tests.AlertsPageTest - Verifying confirm alert text...
2026-06-08 15:13:44 [main] INFO  com.tecskool.tests.AlertsPageTest - Dismissing confirm alert...
2026-06-08 15:13:46 [main] INFO  com.tecskool.tests.AlertsPageTest - Verifying confirm alert dismiss result message...
2026-06-08 15:13:46 [main] INFO  com.tecskool.base.BasePage - Getting text from element: By.id: alert-result
2026-06-08 15:13:46 [main] INFO  com.tecskool.listeners.TestListener - Test method 'testConfirmAlertDismiss' PASSED.
2026-06-08 15:13:46 [main] INFO  com.tecskool.listeners.TestListener - Running test method: testPromptAlertWithInput
2026-06-08 15:13:46 [main] INFO  com.tecskool.tests.AlertsPageTest - Clicking Prompt Alert button for input...
2026-06-08 15:13:46 [main] INFO  com.tecskool.base.BasePage - Clicking on element: By.id: prompt-alert
2026-06-08 15:13:48 [main] INFO  com.tecskool.tests.AlertsPageTest - Verifying prompt alert text...
2026-06-08 15:13:48 [main] INFO  com.tecskool.tests.AlertsPageTest - Entering text 'Selenium Tester' in prompt alert...
2026-06-08 15:13:48 [main] INFO  com.tecskool.tests.AlertsPageTest - Accepting prompt alert...
2026-06-08 15:13:50 [main] INFO  com.tecskool.tests.AlertsPageTest - Verifying prompt alert success result message...
2026-06-08 15:13:50 [main] INFO  com.tecskool.base.BasePage - Getting text from element: By.id: alert-result
2026-06-08 15:13:50 [main] INFO  com.tecskool.listeners.TestListener - Test method 'testPromptAlertWithInput' PASSED.
2026-06-08 15:13:50 [main] INFO  com.tecskool.listeners.TestListener - Running test method: testPromptAlertDismiss
2026-06-08 15:13:50 [main] INFO  com.tecskool.tests.AlertsPageTest - Clicking Prompt Alert button for Dismissal...
2026-06-08 15:13:50 [main] INFO  com.tecskool.base.BasePage - Clicking on element: By.id: prompt-alert
2026-06-08 15:13:52 [main] INFO  com.tecskool.tests.AlertsPageTest - Verifying prompt alert text...
2026-06-08 15:13:52 [main] INFO  com.tecskool.tests.AlertsPageTest - Dismissing prompt alert...
2026-06-08 15:13:54 [main] INFO  com.tecskool.tests.AlertsPageTest - Verifying prompt alert dismiss result message...
2026-06-08 15:13:54 [main] INFO  com.tecskool.base.BasePage - Getting text from element: By.id: alert-result
2026-06-08 15:13:55 [main] INFO  com.tecskool.listeners.TestListener - Test method 'testPromptAlertDismiss' PASSED.
2026-06-08 15:13:55 [main] INFO  com.tecskool.tests.AlertsPageTest - Logging out and quitting browser...
2026-06-08 15:13:55 [main] INFO  com.tecskool.base.BasePage - Checking visibility of element: By.id: logout-btn
2026-06-08 15:13:55 [main] INFO  com.tecskool.base.BasePage - Clicking on element: By.id: logout-btn
2026-06-08 15:13:57 [main] INFO  com.tecskool.tests.AlertsPageTest - Logout button clicked successfully.
2026-06-08 15:13:57 [main] INFO  com.tecskool.factory.DriverFactory - WebDriver quit successfully
2026-06-08 15:13:57 [main] INFO  com.tecskool.base.BaseTest - Setting up test execution...
2026-06-08 15:13:57 [main] INFO  com.tecskool.factory.DriverFactory - Initializing WebDriver for browser: chrome
2026-06-08 15:13:58 [main] INFO  com.tecskool.factory.DriverFactory - WebDriver initialized successfully with 10 seconds implicit wait
2026-06-08 15:13:58 [main] INFO  com.tecskool.base.BaseTest - Opening URL: https://practice.tecskool.com/
2026-06-08 15:13:59 [main] INFO  com.tecskool.listeners.TestListener - Running test method: testHoverOption3Selection
2026-06-08 15:13:59 [main] INFO  com.tecskool.tests.HoverPageTest - Executing testHoverOption3Selection...
2026-06-08 15:13:59 [main] INFO  com.tecskool.base.BasePage - Typing 'learning@tecskool.com' in element: By.id: username
2026-06-08 15:14:01 [main] INFO  com.tecskool.base.BasePage - Typing 'tecskool123' in element: By.id: password
2026-06-08 15:14:03 [main] INFO  com.tecskool.base.BasePage - Clicking on element: By.id: login-button
2026-06-08 15:14:05 [main] INFO  com.tecskool.tests.HoverPageTest - Scrolling to Hover Controls section...
2026-06-08 15:14:05 [main] INFO  com.tecskool.base.BasePage - Scrolling to element: By.id: hover-trigger
2026-06-08 15:14:07 [main] INFO  com.tecskool.tests.HoverPageTest - Verifying dropdown is not visible initially...
2026-06-08 15:14:07 [main] INFO  com.tecskool.base.BasePage - Checking visibility of element: By.id: dropdown-menu
2026-06-08 15:14:07 [main] INFO  com.tecskool.tests.HoverPageTest - Hovering over trigger button...
2026-06-08 15:14:09 [main] INFO  com.tecskool.tests.HoverPageTest - Verifying dropdown is visible after hover...
2026-06-08 15:14:09 [main] INFO  com.tecskool.base.BasePage - Checking visibility of element: By.id: dropdown-menu
2026-06-08 15:14:09 [main] INFO  com.tecskool.tests.HoverPageTest - Selecting Option 3...
2026-06-08 15:14:11 [main] INFO  com.tecskool.tests.HoverPageTest - Verifying selected option result message contains 'Option 3'...
2026-06-08 15:14:11 [main] INFO  com.tecskool.base.BasePage - Scrolling to element: By.id: selected-option
2026-06-08 15:14:13 [main] INFO  com.tecskool.base.BasePage - Getting text from element: By.id: selected-option
2026-06-08 15:14:13 [main] INFO  com.tecskool.tests.HoverPageTest - Result message: Selected: Option 3
2026-06-08 15:14:13 [main] INFO  com.tecskool.tests.HoverPageTest - testHoverOption3Selection completed successfully.
2026-06-08 15:14:13 [main] INFO  com.tecskool.listeners.TestListener - Test method 'testHoverOption3Selection' PASSED.
2026-06-08 15:14:13 [main] INFO  com.tecskool.base.BaseTest - Tearing down test execution...
2026-06-08 15:14:14 [main] INFO  com.tecskool.factory.DriverFactory - WebDriver quit successfully
2026-06-08 15:14:14 [main] INFO  com.tecskool.listeners.TestListener - Test Suite 'Login Tests' execution completed. Writing report...
2026-06-08 15:27:10 [main] INFO  com.tecskool.base.BaseTest - Setting up test execution...
2026-06-08 15:27:10 [main] INFO  com.tecskool.utils.ConfigReader - Loaded config.properties successfully from classpath
2026-06-08 15:27:10 [main] INFO  com.tecskool.factory.DriverFactory - Initializing WebDriver for browser: chrome
2026-06-08 15:27:12 [main] INFO  com.tecskool.factory.DriverFactory - WebDriver initialized successfully with 10 seconds implicit wait
2026-06-08 15:27:12 [main] INFO  com.tecskool.base.BaseTest - Opening URL: https://practice.tecskool.com/
2026-06-08 15:27:13 [main] INFO  com.tecskool.tests.TogglePageTest - Starting testToggleElements...
2026-06-08 15:27:13 [main] INFO  com.tecskool.base.BasePage - Typing 'learning@tecskool.com' in element: By.id: username
2026-06-08 15:27:15 [main] INFO  com.tecskool.base.BasePage - Typing 'tecskool123' in element: By.id: password
2026-06-08 15:27:17 [main] INFO  com.tecskool.base.BasePage - Clicking on element: By.id: login-button
2026-06-08 15:27:20 [main] INFO  com.tecskool.base.BasePage - Scrolling to element: By.id: toggle-card
2026-06-08 15:27:22 [main] INFO  com.tecskool.base.BasePage - Checking visibility of element: By.id: toggle-card
2026-06-08 15:27:22 [main] INFO  com.tecskool.base.BasePage - Getting text from element: By.id: toggle-title
2026-06-08 15:27:22 [main] INFO  com.tecskool.base.BasePage - Getting text from element: By.id: toggle-label
2026-06-08 15:27:22 [main] INFO  com.tecskool.base.BasePage - Getting text from element: By.id: toggle-status
2026-06-08 15:27:22 [main] INFO  com.tecskool.base.BasePage - Checking selection state of element: By.id: toggle-switch
2026-06-08 15:27:22 [main] INFO  com.tecskool.base.BasePage - Clicking on element: By.id: toggle-switch
2026-06-08 15:27:37 [main] INFO  com.tecskool.base.BaseTest - Tearing down test execution...
2026-06-08 15:27:38 [main] INFO  com.tecskool.factory.DriverFactory - WebDriver quit successfully
2026-06-08 15:28:55 [main] INFO  com.tecskool.base.BaseTest - Setting up test execution...
2026-06-08 15:28:55 [main] INFO  com.tecskool.utils.ConfigReader - Loaded config.properties successfully from classpath
2026-06-08 15:28:55 [main] INFO  com.tecskool.factory.DriverFactory - Initializing WebDriver for browser: chrome
2026-06-08 15:28:56 [main] INFO  com.tecskool.factory.DriverFactory - WebDriver initialized successfully with 10 seconds implicit wait
2026-06-08 15:28:56 [main] INFO  com.tecskool.base.BaseTest - Opening URL: https://practice.tecskool.com/
2026-06-08 15:28:57 [main] INFO  com.tecskool.tests.TogglePageTest - Starting testToggleElements...
2026-06-08 15:28:57 [main] INFO  com.tecskool.base.BasePage - Typing 'learning@tecskool.com' in element: By.id: username
2026-06-08 15:29:00 [main] INFO  com.tecskool.base.BasePage - Typing 'tecskool123' in element: By.id: password
2026-06-08 15:29:02 [main] INFO  com.tecskool.base.BasePage - Clicking on element: By.id: login-button
2026-06-08 15:29:04 [main] INFO  com.tecskool.base.BasePage - Scrolling to element: By.id: toggle-card
2026-06-08 15:29:06 [main] INFO  com.tecskool.base.BasePage - Checking visibility of element: By.id: toggle-card
2026-06-08 15:29:06 [main] INFO  com.tecskool.base.BasePage - Getting text from element: By.id: toggle-title
2026-06-08 15:29:06 [main] INFO  com.tecskool.base.BasePage - Getting text from element: By.id: toggle-label
2026-06-08 15:29:06 [main] INFO  com.tecskool.base.BasePage - Getting text from element: By.id: toggle-status
2026-06-08 15:29:06 [main] INFO  com.tecskool.base.BasePage - Checking selection state of element: By.id: toggle-switch
2026-06-08 15:29:06 [main] INFO  com.tecskool.base.BasePage - Clicking on element: By.cssSelector: label.toggle-switch
2026-06-08 15:29:10 [main] INFO  com.tecskool.base.BasePage - Checking selection state of element: By.id: toggle-switch
2026-06-08 15:29:10 [main] INFO  com.tecskool.base.BasePage - Getting text from element: By.id: toggle-status
2026-06-08 15:29:10 [main] INFO  com.tecskool.base.BasePage - Checking selection state of element: By.id: toggle-switch
2026-06-08 15:29:10 [main] INFO  com.tecskool.base.BasePage - Clicking on element: By.cssSelector: label.toggle-switch
2026-06-08 15:29:14 [main] INFO  com.tecskool.base.BasePage - Checking selection state of element: By.id: toggle-switch
2026-06-08 15:29:14 [main] INFO  com.tecskool.base.BasePage - Getting text from element: By.id: toggle-status
2026-06-08 15:29:15 [main] INFO  com.tecskool.tests.TogglePageTest - testToggleElements completed successfully.
2026-06-08 15:29:15 [main] INFO  com.tecskool.base.BaseTest - Tearing down test execution...
2026-06-08 15:29:15 [main] INFO  com.tecskool.factory.DriverFactory - WebDriver quit successfully
2026-06-08 15:37:41 [main] INFO  com.tecskool.base.BaseTest - Setting up test execution...
2026-06-08 15:37:41 [main] INFO  com.tecskool.utils.ConfigReader - Loaded config.properties successfully from classpath
2026-06-08 15:37:41 [main] INFO  com.tecskool.factory.DriverFactory - Initializing WebDriver for browser: chrome
2026-06-08 15:37:42 [main] INFO  com.tecskool.factory.DriverFactory - WebDriver initialized successfully with 10 seconds implicit wait
2026-06-08 15:37:42 [main] INFO  com.tecskool.base.BaseTest - Opening URL: https://practice.tecskool.com/
2026-06-08 15:37:43 [main] INFO  com.tecskool.tests.FileUploadPageTest - Starting testFileUpload...
2026-06-08 15:37:43 [main] INFO  com.tecskool.base.BasePage - Typing 'learning@tecskool.com' in element: By.id: username
2026-06-08 15:37:46 [main] INFO  com.tecskool.base.BasePage - Typing 'tecskool123' in element: By.id: password
2026-06-08 15:37:48 [main] INFO  com.tecskool.base.BasePage - Clicking on element: By.id: login-button
2026-06-08 15:37:50 [main] INFO  com.tecskool.base.BasePage - Scrolling to element: By.id: file-upload-card
2026-06-08 15:37:52 [main] INFO  com.tecskool.base.BasePage - Checking visibility of element: By.id: file-upload-card
2026-06-08 15:37:52 [main] INFO  com.tecskool.base.BasePage - Getting text from element: By.id: file-title
2026-06-08 15:37:52 [main] INFO  com.tecskool.base.BasePage - Getting text from element: By.id: file-label
2026-06-08 15:37:52 [main] INFO  com.tecskool.tests.FileUploadPageTest - Uploading sample file: C:\Users\Yashna\Desktop\Selenium Antigravity\src\test\resources\sample.txt
2026-06-08 15:37:54 [main] INFO  com.tecskool.base.BasePage - Getting text from element: By.id: file-status
2026-06-08 15:37:54 [main] INFO  com.tecskool.tests.FileUploadPageTest - File upload status text: File selected: sample.txt (0.03 KB)
2026-06-08 15:37:54 [main] INFO  com.tecskool.tests.FileUploadPageTest - testFileUpload completed successfully.
2026-06-08 15:37:54 [main] INFO  com.tecskool.base.BaseTest - Tearing down test execution...
2026-06-08 15:37:55 [main] INFO  com.tecskool.factory.DriverFactory - WebDriver quit successfully
2026-06-08 15:42:06 [main] INFO  com.tecskool.base.BaseTest - Setting up test execution...
2026-06-08 15:42:06 [main] INFO  com.tecskool.utils.ConfigReader - Loaded config.properties successfully from classpath
2026-06-08 15:42:06 [main] INFO  com.tecskool.factory.DriverFactory - Initializing WebDriver for browser: chrome
2026-06-08 15:42:07 [main] INFO  com.tecskool.factory.DriverFactory - WebDriver initialized successfully with 10 seconds implicit wait
2026-06-08 15:42:07 [main] INFO  com.tecskool.base.BaseTest - Opening URL: https://practice.tecskool.com/
2026-06-08 15:42:08 [main] INFO  com.tecskool.tests.WindowTabControlPageTest - Starting testWindowAndTabControls...
2026-06-08 15:42:08 [main] INFO  com.tecskool.base.BasePage - Typing 'learning@tecskool.com' in element: By.id: username
2026-06-08 15:42:11 [main] INFO  com.tecskool.base.BasePage - Typing 'tecskool123' in element: By.id: password
2026-06-08 15:42:13 [main] INFO  com.tecskool.base.BasePage - Clicking on element: By.id: login-button
2026-06-08 15:42:15 [main] INFO  com.tecskool.base.BasePage - Scrolling to element: By.id: window-card
2026-06-08 15:42:17 [main] INFO  com.tecskool.base.BasePage - Checking visibility of element: By.id: window-card
2026-06-08 15:42:17 [main] INFO  com.tecskool.base.BasePage - Getting text from element: By.id: window-title
2026-06-08 15:42:17 [main] INFO  com.tecskool.base.BasePage - Clicking on element: By.id: new-window-btn
2026-06-08 15:42:20 [main] INFO  com.tecskool.tests.WindowTabControlPageTest - Switched to new window: https://www.google.com/
2026-06-08 15:42:20 [main] INFO  com.tecskool.base.BaseTest - Tearing down test execution...
2026-06-08 15:42:20 [main] INFO  com.tecskool.factory.DriverFactory - WebDriver quit successfully
2026-06-08 15:43:27 [main] INFO  com.tecskool.base.BaseTest - Setting up test execution...
2026-06-08 15:43:27 [main] INFO  com.tecskool.utils.ConfigReader - Loaded config.properties successfully from classpath
2026-06-08 15:43:27 [main] INFO  com.tecskool.factory.DriverFactory - Initializing WebDriver for browser: chrome
2026-06-08 15:43:28 [main] INFO  com.tecskool.factory.DriverFactory - WebDriver initialized successfully with 10 seconds implicit wait
2026-06-08 15:43:28 [main] INFO  com.tecskool.base.BaseTest - Opening URL: https://practice.tecskool.com/
2026-06-08 15:43:29 [main] INFO  com.tecskool.tests.WindowTabControlPageTest - Starting testWindowAndTabControls...
2026-06-08 15:43:29 [main] INFO  com.tecskool.base.BasePage - Typing 'learning@tecskool.com' in element: By.id: username
2026-06-08 15:43:31 [main] INFO  com.tecskool.base.BasePage - Typing 'tecskool123' in element: By.id: password
2026-06-08 15:43:34 [main] INFO  com.tecskool.base.BasePage - Clicking on element: By.id: login-button
2026-06-08 15:43:36 [main] INFO  com.tecskool.base.BasePage - Scrolling to element: By.id: window-card
2026-06-08 15:43:38 [main] INFO  com.tecskool.base.BasePage - Checking visibility of element: By.id: window-card
2026-06-08 15:43:38 [main] INFO  com.tecskool.base.BasePage - Getting text from element: By.id: window-title
2026-06-08 15:43:38 [main] INFO  com.tecskool.base.BasePage - Clicking on element: By.id: new-window-btn
2026-06-08 15:43:40 [main] INFO  com.tecskool.tests.WindowTabControlPageTest - Switched to new window: https://www.google.com/
2026-06-08 15:43:40 [main] INFO  com.tecskool.base.BasePage - Clicking on element: By.id: new-tab-btn
2026-06-08 15:43:42 [main] INFO  com.tecskool.tests.WindowTabControlPageTest - Switched to new tab: https://www.google.com/
2026-06-08 15:43:42 [main] INFO  com.tecskool.base.BaseTest - Tearing down test execution...
2026-06-08 15:43:43 [main] INFO  com.tecskool.factory.DriverFactory - WebDriver quit successfully
2026-06-08 15:48:48 [main] INFO  com.tecskool.base.BaseTest - Setting up test execution...
2026-06-08 15:48:48 [main] INFO  com.tecskool.utils.ConfigReader - Loaded config.properties successfully from classpath
2026-06-08 15:48:48 [main] INFO  com.tecskool.factory.DriverFactory - Initializing WebDriver for browser: chrome
2026-06-08 15:48:49 [main] INFO  com.tecskool.factory.DriverFactory - WebDriver initialized successfully with 10 seconds implicit wait
2026-06-08 15:48:49 [main] INFO  com.tecskool.base.BaseTest - Opening URL: https://practice.tecskool.com/
2026-06-08 15:48:50 [main] INFO  com.tecskool.tests.WebTablePageTest - Starting testEditDavidBrownRow...
2026-06-08 15:48:50 [main] INFO  com.tecskool.base.BasePage - Typing 'learning@tecskool.com' in element: By.id: username
2026-06-08 15:48:52 [main] INFO  com.tecskool.base.BasePage - Typing 'tecskool123' in element: By.id: password
2026-06-08 15:48:54 [main] INFO  com.tecskool.base.BasePage - Clicking on element: By.id: login-button
2026-06-08 15:48:57 [main] INFO  com.tecskool.base.BasePage - Scrolling to element: By.id: table-card
2026-06-08 15:48:59 [main] INFO  com.tecskool.base.BasePage - Checking visibility of element: By.id: table-card
2026-06-08 15:48:59 [main] INFO  com.tecskool.base.BasePage - Getting text from element: By.id: table-title
2026-06-08 15:48:59 [main] INFO  com.tecskool.base.BasePage - Scrolling to element: By.id: row-5
2026-06-08 15:49:01 [main] INFO  com.tecskool.base.BasePage - Clicking on element: By.cssSelector: #actions-5 button
2026-06-08 15:49:03 [main] INFO  com.tecskool.tests.WebTablePageTest - Clicked Edit button for David Brown row.
2026-06-08 15:49:03 [main] INFO  com.tecskool.tests.WebTablePageTest - testEditDavidBrownRow completed successfully.
2026-06-08 15:49:03 [main] INFO  com.tecskool.base.BaseTest - Tearing down test execution...
2026-06-08 15:49:03 [main] INFO  com.tecskool.factory.DriverFactory - WebDriver quit successfully
2026-06-08 15:53:50 [main] INFO  com.tecskool.base.BaseTest - Setting up test execution...
2026-06-08 15:53:50 [main] INFO  com.tecskool.utils.ConfigReader - Loaded config.properties successfully from classpath
2026-06-08 15:53:50 [main] INFO  com.tecskool.factory.DriverFactory - Initializing WebDriver for browser: chrome
2026-06-08 15:53:52 [main] INFO  com.tecskool.factory.DriverFactory - WebDriver initialized successfully with 10 seconds implicit wait
2026-06-08 15:53:52 [main] INFO  com.tecskool.base.BaseTest - Opening URL: https://practice.tecskool.com/
2026-06-08 15:53:53 [main] INFO  com.tecskool.tests.WebTablePageTest - Starting testEditDavidBrownRow...
2026-06-08 15:53:53 [main] INFO  com.tecskool.base.BasePage - Typing 'learning@tecskool.com' in element: By.id: username
2026-06-08 15:53:55 [main] INFO  com.tecskool.base.BasePage - Typing 'tecskool123' in element: By.id: password
2026-06-08 15:53:57 [main] INFO  com.tecskool.base.BasePage - Clicking on element: By.id: login-button
2026-06-08 15:53:59 [main] INFO  com.tecskool.base.BasePage - Scrolling to element: By.id: table-card
2026-06-08 15:54:01 [main] INFO  com.tecskool.base.BasePage - Checking visibility of element: By.id: table-card
2026-06-08 15:54:01 [main] INFO  com.tecskool.base.BasePage - Getting text from element: By.id: table-title
2026-06-08 15:54:01 [main] INFO  com.tecskool.base.BasePage - Scrolling to element: By.id: row-5
2026-06-08 15:54:03 [main] INFO  com.tecskool.base.BasePage - Clicking on element: By.cssSelector: #actions-5 button
2026-06-08 15:54:06 [main] INFO  com.tecskool.tests.WebTablePageTest - Clicked Edit button for David Brown row.
2026-06-08 15:54:06 [main] INFO  com.tecskool.base.BasePage - Getting text from element: By.cssSelector: .modal .modal-title
2026-06-08 15:54:06 [main] INFO  com.tecskool.base.BaseTest - Tearing down test execution...
2026-06-08 15:54:06 [main] INFO  com.tecskool.factory.DriverFactory - WebDriver quit successfully
2026-06-08 15:55:20 [main] INFO  com.tecskool.base.BaseTest - Setting up test execution...
2026-06-08 15:55:20 [main] INFO  com.tecskool.utils.ConfigReader - Loaded config.properties successfully from classpath
2026-06-08 15:55:20 [main] INFO  com.tecskool.factory.DriverFactory - Initializing WebDriver for browser: chrome
2026-06-08 15:55:21 [main] INFO  com.tecskool.factory.DriverFactory - WebDriver initialized successfully with 10 seconds implicit wait
2026-06-08 15:55:21 [main] INFO  com.tecskool.base.BaseTest - Opening URL: https://practice.tecskool.com/
2026-06-08 15:55:22 [main] INFO  com.tecskool.tests.WebTablePageTest - Starting testEditDavidBrownRow...
2026-06-08 15:55:22 [main] INFO  com.tecskool.base.BasePage - Typing 'learning@tecskool.com' in element: By.id: username
2026-06-08 15:55:24 [main] INFO  com.tecskool.base.BasePage - Typing 'tecskool123' in element: By.id: password
2026-06-08 15:55:27 [main] INFO  com.tecskool.base.BasePage - Clicking on element: By.id: login-button
2026-06-08 15:55:29 [main] INFO  com.tecskool.base.BasePage - Scrolling to element: By.id: table-card
2026-06-08 15:55:31 [main] INFO  com.tecskool.base.BasePage - Checking visibility of element: By.id: table-card
2026-06-08 15:55:31 [main] INFO  com.tecskool.base.BasePage - Getting text from element: By.id: table-title
2026-06-08 15:55:31 [main] INFO  com.tecskool.base.BasePage - Scrolling to element: By.id: row-5
2026-06-08 15:55:33 [main] INFO  com.tecskool.base.BasePage - Clicking on element: By.cssSelector: #actions-5 button
2026-06-08 15:55:35 [main] INFO  com.tecskool.tests.WebTablePageTest - Clicked Edit button for David Brown row.
2026-06-08 15:55:35 [main] INFO  com.tecskool.tests.WebTablePageTest - Edit modal title: Editing row 5
2026-06-08 15:55:35 [main] INFO  com.tecskool.tests.WebTablePageTest - testEditDavidBrownRow completed successfully.
2026-06-08 15:55:35 [main] INFO  com.tecskool.base.BaseTest - Tearing down test execution...
2026-06-08 15:55:35 [main] INFO  com.tecskool.factory.DriverFactory - WebDriver quit successfully
2026-06-08 15:59:32 [main] INFO  com.tecskool.base.BaseTest - Setting up test execution...
2026-06-08 15:59:32 [main] INFO  com.tecskool.utils.ConfigReader - Loaded config.properties successfully from classpath
2026-06-08 15:59:32 [main] INFO  com.tecskool.factory.DriverFactory - Initializing WebDriver for browser: chrome
2026-06-08 15:59:34 [main] INFO  com.tecskool.factory.DriverFactory - WebDriver initialized successfully with 10 seconds implicit wait
2026-06-08 15:59:34 [main] INFO  com.tecskool.base.BaseTest - Opening URL: https://practice.tecskool.com/
2026-06-08 15:59:35 [main] INFO  com.tecskool.tests.WebTablePageTest - Starting testEditDavidBrownRow...
2026-06-08 15:59:35 [main] INFO  com.tecskool.base.BasePage - Typing 'learning@tecskool.com' in element: By.id: username
2026-06-08 15:59:37 [main] INFO  com.tecskool.base.BasePage - Typing 'tecskool123' in element: By.id: password
2026-06-08 15:59:39 [main] INFO  com.tecskool.base.BasePage - Clicking on element: By.id: login-button
2026-06-08 15:59:41 [main] INFO  com.tecskool.base.BasePage - Scrolling to element: By.id: table-card
2026-06-08 15:59:43 [main] INFO  com.tecskool.base.BasePage - Checking visibility of element: By.id: table-card
2026-06-08 15:59:43 [main] INFO  com.tecskool.base.BasePage - Getting text from element: By.id: table-title
2026-06-08 15:59:43 [main] INFO  com.tecskool.base.BasePage - Scrolling to element: By.id: row-5
2026-06-08 15:59:45 [main] INFO  com.tecskool.base.BasePage - Clicking on element: By.cssSelector: #actions-5 button
2026-06-08 15:59:47 [main] INFO  com.tecskool.tests.WebTablePageTest - Clicked Edit button for David Brown row.
2026-06-08 15:59:47 [main] INFO  com.tecskool.tests.WebTablePageTest - Edit modal title: Editing row 5
2026-06-08 15:59:47 [main] INFO  com.tecskool.tests.WebTablePageTest - testEditDavidBrownRow completed successfully.
2026-06-08 15:59:47 [main] INFO  com.tecskool.base.BaseTest - Tearing down test execution...
2026-06-08 15:59:48 [main] INFO  com.tecskool.factory.DriverFactory - WebDriver quit successfully
2026-06-08 16:06:00 [main] INFO  com.tecskool.base.BaseTest - Setting up test execution...
2026-06-08 16:06:00 [main] INFO  com.tecskool.utils.ConfigReader - Loaded config.properties successfully from classpath
2026-06-08 16:06:00 [main] INFO  com.tecskool.factory.DriverFactory - Initializing WebDriver for browser: chrome
2026-06-08 16:06:02 [main] INFO  com.tecskool.factory.DriverFactory - WebDriver initialized successfully with 10 seconds implicit wait
2026-06-08 16:06:02 [main] INFO  com.tecskool.base.BaseTest - Opening URL: https://practice.tecskool.com/
2026-06-08 16:06:03 [main] INFO  com.tecskool.tests.WebTablePageTest - Starting testEditMikeJohnsonRow...
2026-06-08 16:06:03 [main] INFO  com.tecskool.base.BasePage - Typing 'learning@tecskool.com' in element: By.id: username
2026-06-08 16:06:05 [main] INFO  com.tecskool.base.BasePage - Typing 'tecskool123' in element: By.id: password
2026-06-08 16:06:07 [main] INFO  com.tecskool.base.BasePage - Clicking on element: By.id: login-button
2026-06-08 16:06:09 [main] INFO  com.tecskool.base.BasePage - Scrolling to element: By.id: table-card
2026-06-08 16:06:11 [main] INFO  com.tecskool.base.BasePage - Checking visibility of element: By.id: table-card
2026-06-08 16:06:12 [main] INFO  com.tecskool.base.BasePage - Getting text from element: By.id: table-title
2026-06-08 16:06:12 [main] INFO  com.tecskool.base.BasePage - Scrolling to element: By.id: row-4
2026-06-08 16:06:14 [main] INFO  com.tecskool.base.BasePage - Clicking on element: By.cssSelector: #actions-4 button
2026-06-08 16:06:16 [main] INFO  com.tecskool.tests.WebTablePageTest - Clicked Edit button for Mike Johnson row.
2026-06-08 16:06:16 [main] INFO  com.tecskool.tests.WebTablePageTest - Edit modal title: Editing row 4
2026-06-08 16:06:16 [main] INFO  com.tecskool.tests.WebTablePageTest - testEditMikeJohnsonRow completed successfully.
2026-06-08 16:06:16 [main] INFO  com.tecskool.base.BaseTest - Tearing down test execution...
2026-06-08 16:06:16 [main] INFO  com.tecskool.factory.DriverFactory - WebDriver quit successfully
2026-06-08 16:15:56 [main] INFO  com.tecskool.base.BaseTest - Setting up test execution...
2026-06-08 16:15:56 [main] INFO  com.tecskool.utils.ConfigReader - Loaded config.properties successfully from classpath
2026-06-08 16:15:56 [main] INFO  com.tecskool.factory.DriverFactory - Initializing WebDriver for browser: chrome
2026-06-08 16:15:58 [main] INFO  com.tecskool.factory.DriverFactory - WebDriver initialized successfully with 10 seconds implicit wait
2026-06-08 16:15:58 [main] INFO  com.tecskool.base.BaseTest - Opening URL: https://practice.tecskool.com/
2026-06-08 16:15:59 [main] INFO  com.tecskool.tests.WebTablePageTest - Starting testEditDavidBrownRow...
2026-06-08 16:15:59 [main] INFO  com.tecskool.base.BasePage - Typing 'learning@tecskool.com' in element: By.id: username
2026-06-08 16:16:01 [main] INFO  com.tecskool.base.BasePage - Typing 'tecskool123' in element: By.id: password
2026-06-08 16:16:03 [main] INFO  com.tecskool.base.BasePage - Clicking on element: By.id: login-button
2026-06-08 16:16:05 [main] INFO  com.tecskool.base.BasePage - Scrolling to element: By.id: table-card
2026-06-08 16:16:07 [main] INFO  com.tecskool.base.BasePage - Checking visibility of element: By.id: table-card
2026-06-08 16:16:07 [main] INFO  com.tecskool.base.BasePage - Getting text from element: By.id: table-title
2026-06-08 16:16:07 [main] INFO  com.tecskool.base.BasePage - Scrolling to element: By.id: row-5
2026-06-08 16:16:10 [main] INFO  com.tecskool.base.BasePage - Clicking on element: By.cssSelector: #actions-5 button
2026-06-08 16:16:12 [main] INFO  com.tecskool.tests.WebTablePageTest - Clicked Edit button for David Brown row.
2026-06-08 16:16:12 [main] INFO  com.tecskool.tests.WebTablePageTest - Edit modal title: Editing row 5
2026-06-08 16:16:12 [main] INFO  com.tecskool.tests.WebTablePageTest - testEditDavidBrownRow completed successfully.
2026-06-08 16:16:12 [main] INFO  com.tecskool.base.BaseTest - Tearing down test execution...
2026-06-08 16:16:12 [main] INFO  com.tecskool.factory.DriverFactory - WebDriver quit successfully
2026-06-08 16:16:12 [main] INFO  com.tecskool.base.BaseTest - Setting up test execution...
2026-06-08 16:16:12 [main] INFO  com.tecskool.factory.DriverFactory - Initializing WebDriver for browser: chrome
2026-06-08 16:16:13 [main] INFO  com.tecskool.factory.DriverFactory - WebDriver initialized successfully with 10 seconds implicit wait
2026-06-08 16:16:13 [main] INFO  com.tecskool.base.BaseTest - Opening URL: https://practice.tecskool.com/
2026-06-08 16:16:14 [main] INFO  com.tecskool.tests.WebTablePageTest - Starting testEditRows...
2026-06-08 16:16:14 [main] INFO  com.tecskool.base.BasePage - Typing 'learning@tecskool.com' in element: By.id: username
2026-06-08 16:16:16 [main] INFO  com.tecskool.base.BasePage - Typing 'tecskool123' in element: By.id: password
2026-06-08 16:16:18 [main] INFO  com.tecskool.base.BasePage - Clicking on element: By.id: login-button
2026-06-08 16:16:20 [main] INFO  com.tecskool.base.BasePage - Scrolling to element: By.id: table-card
2026-06-08 16:16:22 [main] INFO  com.tecskool.base.BasePage - Checking visibility of element: By.id: table-card
2026-06-08 16:16:22 [main] INFO  com.tecskool.base.BasePage - Getting text from element: By.id: table-title
2026-06-08 16:16:23 [main] INFO  com.tecskool.tests.WebTablePageTest - Edit modal title for Mike Johnson: Editing row 3
2026-06-08 16:16:23 [main] INFO  com.tecskool.tests.WebTablePageTest - Edit modal title for David Brown: Editing row 5
2026-06-08 16:16:23 [main] INFO  com.tecskool.tests.WebTablePageTest - testEditRows completed successfully.
2026-06-08 16:16:23 [main] INFO  com.tecskool.base.BaseTest - Tearing down test execution...
2026-06-08 16:16:23 [main] INFO  com.tecskool.factory.DriverFactory - WebDriver quit successfully
2026-06-08 16:20:45 [main] INFO  com.tecskool.base.BaseTest - Setting up test execution...
2026-06-08 16:20:45 [main] INFO  com.tecskool.utils.ConfigReader - Loaded config.properties successfully from classpath
2026-06-08 16:20:45 [main] INFO  com.tecskool.factory.DriverFactory - Initializing WebDriver for browser: chrome
2026-06-08 16:20:46 [main] INFO  com.tecskool.factory.DriverFactory - WebDriver initialized successfully with 10 seconds implicit wait
2026-06-08 16:20:46 [main] INFO  com.tecskool.base.BaseTest - Opening URL: https://practice.tecskool.com/
2026-06-08 16:20:47 [main] INFO  com.tecskool.tests.WebTablePageTest - Starting testEditRows...
2026-06-08 16:20:47 [main] INFO  com.tecskool.base.BasePage - Typing 'learning@tecskool.com' in element: By.id: username
2026-06-08 16:20:50 [main] INFO  com.tecskool.base.BasePage - Typing 'tecskool123' in element: By.id: password
2026-06-08 16:20:52 [main] INFO  com.tecskool.base.BasePage - Clicking on element: By.id: login-button
2026-06-08 16:20:54 [main] INFO  com.tecskool.base.BasePage - Scrolling to element: By.id: table-card
2026-06-08 16:20:56 [main] INFO  com.tecskool.base.BasePage - Checking visibility of element: By.id: table-card
2026-06-08 16:20:56 [main] INFO  com.tecskool.base.BasePage - Getting text from element: By.id: table-title
2026-06-08 16:20:56 [main] INFO  com.tecskool.tests.WebTablePageTest - Edit modal title for Mike Johnson: Editing row 3
2026-06-08 16:20:56 [main] INFO  com.tecskool.tests.WebTablePageTest - Edit modal title for David Brown: Editing row 5
2026-06-08 16:20:56 [main] INFO  com.tecskool.tests.WebTablePageTest - testEditRows completed successfully.
2026-06-08 16:20:56 [main] INFO  com.tecskool.base.BaseTest - Tearing down test execution...
2026-06-08 16:20:57 [main] INFO  com.tecskool.factory.DriverFactory - WebDriver quit successfully
2026-06-08 16:21:11 [main] INFO  com.tecskool.base.BaseTest - Setting up test execution...
2026-06-08 16:21:11 [main] INFO  com.tecskool.utils.ConfigReader - Loaded config.properties successfully from classpath
2026-06-08 16:21:11 [main] INFO  com.tecskool.factory.DriverFactory - Initializing WebDriver for browser: chrome
2026-06-08 16:21:13 [main] INFO  com.tecskool.factory.DriverFactory - WebDriver initialized successfully with 10 seconds implicit wait
2026-06-08 16:21:13 [main] INFO  com.tecskool.base.BaseTest - Opening URL: https://practice.tecskool.com/
2026-06-08 16:21:14 [main] INFO  com.tecskool.tests.WebTablePageTest - Starting testEditRows...
2026-06-08 16:21:14 [main] INFO  com.tecskool.base.BasePage - Typing 'learning@tecskool.com' in element: By.id: username
2026-06-08 16:21:16 [main] INFO  com.tecskool.base.BasePage - Typing 'tecskool123' in element: By.id: password
2026-06-08 16:21:18 [main] INFO  com.tecskool.base.BasePage - Clicking on element: By.id: login-button
2026-06-08 16:21:20 [main] INFO  com.tecskool.base.BasePage - Scrolling to element: By.id: table-card
2026-06-08 16:21:22 [main] INFO  com.tecskool.base.BasePage - Checking visibility of element: By.id: table-card
2026-06-08 16:21:22 [main] INFO  com.tecskool.base.BasePage - Getting text from element: By.id: table-title
2026-06-08 16:21:23 [main] INFO  com.tecskool.tests.WebTablePageTest - Edit modal title for Mike Johnson: Editing row 3
2026-06-08 16:21:23 [main] INFO  com.tecskool.tests.WebTablePageTest - Edit modal title for David Brown: Editing row 5
2026-06-08 16:21:23 [main] INFO  com.tecskool.tests.WebTablePageTest - testEditRows completed successfully.
2026-06-08 16:21:23 [main] INFO  com.tecskool.base.BaseTest - Tearing down test execution...
2026-06-08 16:21:23 [main] INFO  com.tecskool.factory.DriverFactory - WebDriver quit successfully
2026-06-08 16:28:01 [main] INFO  com.tecskool.base.BaseTest - Setting up test execution...
2026-06-08 16:28:01 [main] INFO  com.tecskool.utils.ConfigReader - Loaded config.properties successfully from classpath
2026-06-08 16:28:01 [main] INFO  com.tecskool.factory.DriverFactory - Initializing WebDriver for browser: chrome
2026-06-08 16:28:04 [main] INFO  com.tecskool.factory.DriverFactory - WebDriver initialized successfully with 10 seconds implicit wait
2026-06-08 16:28:04 [main] INFO  com.tecskool.base.BaseTest - Opening URL: https://practice.tecskool.com/
2026-06-08 16:28:05 [main] INFO  com.tecskool.tests.WebTablePageTest - Starting testEditRows...
2026-06-08 16:28:05 [main] INFO  com.tecskool.base.BasePage - Typing 'learning@tecskool.com' in element: By.id: username
2026-06-08 16:28:07 [main] INFO  com.tecskool.base.BasePage - Typing 'tecskool123' in element: By.id: password
2026-06-08 16:28:09 [main] INFO  com.tecskool.base.BasePage - Clicking on element: By.id: login-button
2026-06-08 16:28:12 [main] INFO  com.tecskool.base.BasePage - Scrolling to element: By.id: table-card
2026-06-08 16:28:14 [main] INFO  com.tecskool.base.BasePage - Checking visibility of element: By.id: table-card
2026-06-08 16:28:14 [main] INFO  com.tecskool.base.BasePage - Getting text from element: By.id: table-title
2026-06-08 16:28:16 [main] INFO  com.tecskool.tests.WebTablePageTest - Edit modal title for Mike Johnson: Editing row 3
2026-06-08 16:28:18 [main] INFO  com.tecskool.tests.WebTablePageTest - Edit modal title for David Brown: Editing row 5
2026-06-08 16:28:18 [main] INFO  com.tecskool.tests.WebTablePageTest - testEditRows completed successfully.
2026-06-08 16:28:18 [main] INFO  com.tecskool.base.BaseTest - Tearing down test execution...
2026-06-08 16:28:19 [main] INFO  com.tecskool.factory.DriverFactory - WebDriver quit successfully
2026-06-08 16:31:52 [main] INFO  com.tecskool.base.BaseTest - Setting up test execution...
2026-06-08 16:31:52 [main] INFO  com.tecskool.utils.ConfigReader - Loaded config.properties successfully from classpath
2026-06-08 16:31:52 [main] INFO  com.tecskool.factory.DriverFactory - Initializing WebDriver for browser: chrome
2026-06-08 16:31:54 [main] INFO  com.tecskool.factory.DriverFactory - WebDriver initialized successfully with 10 seconds implicit wait
2026-06-08 16:31:54 [main] INFO  com.tecskool.base.BaseTest - Opening URL: https://practice.tecskool.com/
2026-06-08 16:31:56 [main] INFO  com.tecskool.tests.TabNavigationPageTest - Starting testTabNavigation...
2026-06-08 16:31:56 [main] INFO  com.tecskool.base.BasePage - Typing 'learning@tecskool.com' in element: By.id: username
2026-06-08 16:31:58 [main] INFO  com.tecskool.base.BasePage - Typing 'tecskool123' in element: By.id: password
2026-06-08 16:32:00 [main] INFO  com.tecskool.base.BasePage - Clicking on element: By.id: login-button
2026-06-08 16:32:02 [main] INFO  com.tecskool.base.BasePage - Scrolling to element: By.id: tab-card
2026-06-08 16:32:04 [main] INFO  com.tecskool.base.BasePage - Checking visibility of element: By.id: tab-card
2026-06-08 16:32:04 [main] INFO  com.tecskool.base.BasePage - Getting text from element: By.id: tab-nav-title
2026-06-08 16:32:04 [main] INFO  com.tecskool.base.BasePage - Scrolling to element: By.id: tab1-btn
2026-06-08 16:32:06 [main] INFO  com.tecskool.base.BasePage - Clicking on element: By.id: tab1-btn
2026-06-08 16:32:09 [main] INFO  com.tecskool.base.BasePage - Getting text from element: By.id: profile-title
2026-06-08 16:32:09 [main] INFO  com.tecskool.base.BasePage - Getting text from element: By.id: profile-text
2026-06-08 16:32:09 [main] INFO  com.tecskool.base.BasePage - Scrolling to element: By.id: profile-input
2026-06-08 16:32:11 [main] INFO  com.tecskool.base.BasePage - Typing 'Automation enthusiast' in element: By.id: profile-input
2026-06-08 16:32:13 [main] INFO  com.tecskool.base.BasePage - Getting attribute 'value' from element: By.id: profile-input
2026-06-08 16:32:13 [main] INFO  com.tecskool.base.BasePage - Scrolling to element: By.id: tab2-btn
2026-06-08 16:32:15 [main] INFO  com.tecskool.base.BasePage - Clicking on element: By.id: tab2-btn
2026-06-08 16:32:17 [main] INFO  com.tecskool.base.BasePage - Getting text from element: By.id: settings-title
2026-06-08 16:32:17 [main] INFO  com.tecskool.base.BasePage - Getting text from element: By.id: settings-text
2026-06-08 16:32:17 [main] INFO  com.tecskool.base.BasePage - Scrolling to element: By.id: notifications-setting
2026-06-08 16:32:19 [main] INFO  com.tecskool.base.BasePage - Clicking on element: By.id: notifications-setting
2026-06-08 16:32:21 [main] INFO  com.tecskool.base.BasePage - Scrolling to element: By.id: tab3-btn
2026-06-08 16:32:23 [main] INFO  com.tecskool.base.BasePage - Clicking on element: By.id: tab3-btn
2026-06-08 16:32:25 [main] INFO  com.tecskool.base.BasePage - Getting text from element: By.id: about-title
2026-06-08 16:32:26 [main] INFO  com.tecskool.base.BasePage - Getting text from element: By.id: about-text
2026-06-08 16:32:26 [main] INFO  com.tecskool.tests.TabNavigationPageTest - testTabNavigation completed successfully.
2026-06-08 16:32:26 [main] INFO  com.tecskool.base.BaseTest - Tearing down test execution...
2026-06-08 16:32:26 [main] INFO  com.tecskool.factory.DriverFactory - WebDriver quit successfully
2026-06-08 16:38:51 [main] INFO  com.tecskool.base.BaseTest - Setting up test execution...
2026-06-08 16:38:51 [main] INFO  com.tecskool.utils.ConfigReader - Loaded config.properties successfully from classpath
2026-06-08 16:38:51 [main] INFO  com.tecskool.factory.DriverFactory - Initializing WebDriver for browser: chrome
2026-06-08 16:38:53 [main] INFO  com.tecskool.factory.DriverFactory - WebDriver initialized successfully with 10 seconds implicit wait
2026-06-08 16:38:53 [main] INFO  com.tecskool.base.BaseTest - Opening URL: https://practice.tecskool.com/
2026-06-08 16:38:54 [main] INFO  com.tecskool.tests.WebTablePageTest - Starting testEditRows...
2026-06-08 16:38:54 [main] INFO  com.tecskool.base.BasePage - Typing 'learning@tecskool.com' in element: By.id: username
2026-06-08 16:38:56 [main] INFO  com.tecskool.base.BasePage - Typing 'tecskool123' in element: By.id: password
2026-06-08 16:38:58 [main] INFO  com.tecskool.base.BasePage - Clicking on element: By.id: login-button
2026-06-08 16:39:00 [main] INFO  com.tecskool.base.BasePage - Scrolling to element: By.id: table-card
2026-06-08 16:39:02 [main] INFO  com.tecskool.base.BasePage - Checking visibility of element: By.id: table-card
2026-06-08 16:39:02 [main] INFO  com.tecskool.base.BasePage - Getting text from element: By.id: table-title
2026-06-08 16:39:05 [main] INFO  com.tecskool.tests.WebTablePageTest - Edit modal title for Mike Johnson: Editing row 3
2026-06-08 16:39:07 [main] INFO  com.tecskool.tests.WebTablePageTest - Edit modal title for David Brown: Editing row 5
2026-06-08 16:39:07 [main] INFO  com.tecskool.tests.WebTablePageTest - testEditRows completed successfully.
2026-06-08 16:39:07 [main] INFO  com.tecskool.base.BaseTest - Tearing down test execution...
2026-06-08 16:39:07 [main] INFO  com.tecskool.factory.DriverFactory - WebDriver quit successfully
2026-06-08 16:39:36 [main] INFO  com.tecskool.base.BaseTest - Setting up test execution...
2026-06-08 16:39:36 [main] INFO  com.tecskool.utils.ConfigReader - Loaded config.properties successfully from classpath
2026-06-08 16:39:36 [main] INFO  com.tecskool.factory.DriverFactory - Initializing WebDriver for browser: chrome
2026-06-08 16:39:38 [main] INFO  com.tecskool.factory.DriverFactory - WebDriver initialized successfully with 10 seconds implicit wait
2026-06-08 16:39:38 [main] INFO  com.tecskool.base.BaseTest - Opening URL: https://practice.tecskool.com/
2026-06-08 16:39:39 [main] INFO  com.tecskool.tests.IFramePageTest - Starting testIFrameImageDownload...
2026-06-08 16:39:39 [main] INFO  com.tecskool.base.BasePage - Typing 'learning@tecskool.com' in element: By.id: username
2026-06-08 16:39:41 [main] INFO  com.tecskool.base.BasePage - Typing 'tecskool123' in element: By.id: password
2026-06-08 16:39:44 [main] INFO  com.tecskool.base.BasePage - Clicking on element: By.id: login-button
2026-06-08 16:39:46 [main] INFO  com.tecskool.base.BasePage - Scrolling to element: By.id: iframe-card
2026-06-08 16:39:48 [main] INFO  com.tecskool.base.BasePage - Checking visibility of element: By.id: iframe-card
2026-06-08 16:39:48 [main] INFO  com.tecskool.base.BasePage - Getting text from element: By.id: iframe-title
2026-06-08 16:39:48 [main] INFO  com.tecskool.base.BasePage - Scrolling to element: By.id: wikipedia-frame
2026-06-08 16:39:55 [main] INFO  com.tecskool.base.BaseTest - Tearing down test execution...
2026-06-08 16:39:55 [main] INFO  com.tecskool.factory.DriverFactory - WebDriver quit successfully
2026-06-08 16:41:02 [main] INFO  com.tecskool.base.BaseTest - Setting up test execution...
2026-06-08 16:41:02 [main] INFO  com.tecskool.utils.ConfigReader - Loaded config.properties successfully from classpath
2026-06-08 16:41:02 [main] INFO  com.tecskool.factory.DriverFactory - Initializing WebDriver for browser: chrome
2026-06-08 16:41:04 [main] INFO  com.tecskool.factory.DriverFactory - WebDriver initialized successfully with 10 seconds implicit wait
2026-06-08 16:41:04 [main] INFO  com.tecskool.base.BaseTest - Opening URL: https://practice.tecskool.com/
2026-06-08 16:41:05 [main] INFO  com.tecskool.tests.IFramePageTest - Starting testIFrameImageDownload...
2026-06-08 16:41:05 [main] INFO  com.tecskool.base.BasePage - Typing 'learning@tecskool.com' in element: By.id: username
2026-06-08 16:41:07 [main] INFO  com.tecskool.base.BasePage - Typing 'tecskool123' in element: By.id: password
2026-06-08 16:41:09 [main] INFO  com.tecskool.base.BasePage - Clicking on element: By.id: login-button
2026-06-08 16:41:11 [main] INFO  com.tecskool.base.BasePage - Scrolling to element: By.id: iframe-card
2026-06-08 16:41:14 [main] INFO  com.tecskool.base.BasePage - Checking visibility of element: By.id: iframe-card
2026-06-08 16:41:14 [main] INFO  com.tecskool.base.BasePage - Getting text from element: By.id: iframe-title
2026-06-08 16:41:14 [main] INFO  com.tecskool.base.BasePage - Scrolling to element: By.id: wikipedia-frame
2026-06-08 16:41:22 [main] INFO  com.tecskool.tests.IFramePageTest - Image downloaded to: C:\Users\Yashna\Desktop\Selenium Antigravity\src\test\resources\downloads\500px-White_tern_%28Gygis_alba_candida%29_in_flight_Rarotonga_2.jpg
2026-06-08 16:41:24 [main] INFO  com.tecskool.tests.IFramePageTest - testIFrameImageDownload completed successfully.
2026-06-08 16:41:24 [main] INFO  com.tecskool.base.BaseTest - Tearing down test execution...
2026-06-08 16:41:25 [main] INFO  com.tecskool.factory.DriverFactory - WebDriver quit successfully
2026-06-08 16:46:14 [main] INFO  com.tecskool.base.BaseTest - Setting up test execution...
2026-06-08 16:46:14 [main] INFO  com.tecskool.utils.ConfigReader - Loaded config.properties successfully from classpath
2026-06-08 16:46:14 [main] INFO  com.tecskool.factory.DriverFactory - Initializing WebDriver for browser: chrome
2026-06-08 16:46:15 [main] INFO  com.tecskool.factory.DriverFactory - WebDriver initialized successfully with 10 seconds implicit wait
2026-06-08 16:46:15 [main] INFO  com.tecskool.base.BaseTest - Opening URL: https://practice.tecskool.com/
2026-06-08 16:46:16 [main] INFO  com.tecskool.tests.WebTablePageTest - Starting testEditRows...
2026-06-08 16:46:16 [main] INFO  com.tecskool.base.BasePage - Typing 'learning@tecskool.com' in element: By.id: username
2026-06-08 16:46:18 [main] INFO  com.tecskool.base.BasePage - Typing 'tecskool123' in element: By.id: password
2026-06-08 16:46:20 [main] INFO  com.tecskool.base.BasePage - Clicking on element: By.id: login-button
2026-06-08 16:46:22 [main] INFO  com.tecskool.base.BasePage - Scrolling to element: By.id: table-card
2026-06-08 16:46:24 [main] INFO  com.tecskool.base.BasePage - Checking visibility of element: By.id: table-card
2026-06-08 16:46:24 [main] INFO  com.tecskool.base.BasePage - Getting text from element: By.id: table-title
2026-06-08 16:46:27 [main] INFO  com.tecskool.tests.WebTablePageTest - Edit modal title for Mike Johnson: Editing row 3
2026-06-08 16:46:29 [main] INFO  com.tecskool.tests.WebTablePageTest - Edit modal title for David Brown: Editing row 5
2026-06-08 16:46:29 [main] INFO  com.tecskool.tests.WebTablePageTest - testEditRows completed successfully.
2026-06-08 16:46:29 [main] INFO  com.tecskool.base.BaseTest - Tearing down test execution...
2026-06-08 16:46:29 [main] INFO  com.tecskool.factory.DriverFactory - WebDriver quit successfully
2026-06-08 16:46:43 [main] INFO  com.tecskool.base.BaseTest - Setting up test execution...
2026-06-08 16:46:43 [main] INFO  com.tecskool.utils.ConfigReader - Loaded config.properties successfully from classpath
2026-06-08 16:46:43 [main] INFO  com.tecskool.factory.DriverFactory - Initializing WebDriver for browser: chrome
2026-06-08 16:46:44 [main] INFO  com.tecskool.factory.DriverFactory - WebDriver initialized successfully with 10 seconds implicit wait
2026-06-08 16:46:44 [main] INFO  com.tecskool.base.BaseTest - Opening URL: https://practice.tecskool.com/
2026-06-08 16:46:45 [main] INFO  com.tecskool.tests.IFramePageTest - Starting testIFrameImageDownload...
2026-06-08 16:46:45 [main] INFO  com.tecskool.base.BasePage - Typing 'learning@tecskool.com' in element: By.id: username
2026-06-08 16:46:47 [main] INFO  com.tecskool.base.BasePage - Typing 'tecskool123' in element: By.id: password
2026-06-08 16:46:49 [main] INFO  com.tecskool.base.BasePage - Clicking on element: By.id: login-button
2026-06-08 16:46:51 [main] INFO  com.tecskool.base.BasePage - Scrolling to element: By.id: iframe-card
2026-06-08 16:46:53 [main] INFO  com.tecskool.base.BasePage - Checking visibility of element: By.id: iframe-card
2026-06-08 16:46:53 [main] INFO  com.tecskool.base.BasePage - Getting text from element: By.id: iframe-title
2026-06-08 16:46:53 [main] INFO  com.tecskool.base.BasePage - Scrolling to element: By.id: wikipedia-frame
2026-06-08 16:47:02 [main] INFO  com.tecskool.tests.IFramePageTest - Image downloaded to: C:\Users\Yashna\Desktop\Selenium Antigravity\src\test\resources\downloads\500px-White_tern_%28Gygis_alba_candida%29_in_flight_Rarotonga_2.jpg
2026-06-08 16:47:02 [main] INFO  com.tecskool.base.BaseTest - Tearing down test execution...
2026-06-08 16:47:02 [main] INFO  com.tecskool.factory.DriverFactory - WebDriver quit successfully
2026-06-08 16:49:12 [main] INFO  com.tecskool.base.BaseTest - Setting up test execution...
2026-06-08 16:49:12 [main] INFO  com.tecskool.utils.ConfigReader - Loaded config.properties successfully from classpath
2026-06-08 16:49:12 [main] INFO  com.tecskool.factory.DriverFactory - Initializing WebDriver for browser: chrome
2026-06-08 16:49:13 [main] INFO  com.tecskool.factory.DriverFactory - WebDriver initialized successfully with 10 seconds implicit wait
2026-06-08 16:49:13 [main] INFO  com.tecskool.base.BaseTest - Opening URL: https://practice.tecskool.com/
2026-06-08 16:49:14 [main] INFO  com.tecskool.tests.IFramePageTest - Starting testIFrameImageDownload...
2026-06-08 16:49:14 [main] INFO  com.tecskool.base.BasePage - Typing 'learning@tecskool.com' in element: By.id: username
2026-06-08 16:49:16 [main] INFO  com.tecskool.base.BasePage - Typing 'tecskool123' in element: By.id: password
2026-06-08 16:49:19 [main] INFO  com.tecskool.base.BasePage - Clicking on element: By.id: login-button
2026-06-08 16:49:21 [main] INFO  com.tecskool.base.BasePage - Scrolling to element: By.id: iframe-card
2026-06-08 16:49:23 [main] INFO  com.tecskool.base.BasePage - Checking visibility of element: By.id: iframe-card
2026-06-08 16:49:23 [main] INFO  com.tecskool.base.BasePage - Getting text from element: By.id: iframe-title
2026-06-08 16:49:23 [main] INFO  com.tecskool.base.BasePage - Scrolling to element: By.id: wikipedia-frame
2026-06-08 16:49:31 [main] INFO  com.tecskool.tests.IFramePageTest - Image downloaded to: C:\Users\Yashna\Desktop\Selenium Antigravity\src\test\resources\downloads\500px-White_tern_%28Gygis_alba_candida%29_in_flight_Rarotonga_2.jpg
2026-06-08 16:49:31 [main] INFO  com.tecskool.base.BaseTest - Tearing down test execution...
2026-06-08 16:49:31 [main] INFO  com.tecskool.factory.DriverFactory - WebDriver quit successfully
2026-06-08 16:50:20 [main] INFO  com.tecskool.base.BaseTest - Setting up test execution...
2026-06-08 16:50:20 [main] INFO  com.tecskool.utils.ConfigReader - Loaded config.properties successfully from classpath
2026-06-08 16:50:20 [main] INFO  com.tecskool.factory.DriverFactory - Initializing WebDriver for browser: chrome
2026-06-08 16:50:21 [main] INFO  com.tecskool.factory.DriverFactory - WebDriver initialized successfully with 10 seconds implicit wait
2026-06-08 16:50:21 [main] INFO  com.tecskool.base.BaseTest - Opening URL: https://practice.tecskool.com/
2026-06-08 16:50:22 [main] INFO  com.tecskool.tests.IFramePageTest - Starting testIFrameImageDownload...
2026-06-08 16:50:22 [main] INFO  com.tecskool.base.BasePage - Typing 'learning@tecskool.com' in element: By.id: username
2026-06-08 16:50:25 [main] INFO  com.tecskool.base.BasePage - Typing 'tecskool123' in element: By.id: password
2026-06-08 16:50:27 [main] INFO  com.tecskool.base.BasePage - Clicking on element: By.id: login-button
2026-06-08 16:50:29 [main] INFO  com.tecskool.base.BasePage - Scrolling to element: By.id: iframe-card
2026-06-08 16:50:31 [main] INFO  com.tecskool.base.BasePage - Checking visibility of element: By.id: iframe-card
2026-06-08 16:50:31 [main] INFO  com.tecskool.base.BasePage - Getting text from element: By.id: iframe-title
2026-06-08 16:50:31 [main] INFO  com.tecskool.base.BasePage - Scrolling to element: By.id: wikipedia-frame
2026-06-08 16:50:40 [main] INFO  com.tecskool.tests.IFramePageTest - Image downloaded to: C:\Users\Yashna\Desktop\Selenium Antigravity\src\test\resources\downloads\500px-White_tern_%28Gygis_alba_candida%29_in_flight_Rarotonga_2.jpg
2026-06-08 16:50:45 [main] WARN  com.tecskool.tests.IFramePageTest - Attribution alert was not displayed; proceeding without it
2026-06-08 16:50:47 [main] INFO  com.tecskool.tests.IFramePageTest - testIFrameImageDownload completed successfully.
2026-06-08 16:50:47 [main] INFO  com.tecskool.base.BaseTest - Tearing down test execution...
2026-06-08 16:50:47 [main] INFO  com.tecskool.factory.DriverFactory - WebDriver quit successfully
2026-06-08 16:51:41 [main] INFO  com.tecskool.base.BaseTest - Setting up test execution...
2026-06-08 16:51:41 [main] INFO  com.tecskool.utils.ConfigReader - Loaded config.properties successfully from classpath
2026-06-08 16:51:41 [main] INFO  com.tecskool.factory.DriverFactory - Initializing WebDriver for browser: chrome
2026-06-08 16:51:43 [main] INFO  com.tecskool.factory.DriverFactory - WebDriver initialized successfully with 10 seconds implicit wait
2026-06-08 16:51:43 [main] INFO  com.tecskool.base.BaseTest - Opening URL: https://practice.tecskool.com/
2026-06-08 16:51:44 [main] INFO  com.tecskool.tests.IFramePageTest - Starting testIFrameImageDownload...
2026-06-08 16:51:44 [main] INFO  com.tecskool.base.BasePage - Typing 'learning@tecskool.com' in element: By.id: username
2026-06-08 16:51:46 [main] INFO  com.tecskool.base.BasePage - Typing 'tecskool123' in element: By.id: password
2026-06-08 16:51:48 [main] INFO  com.tecskool.base.BasePage - Clicking on element: By.id: login-button
2026-06-08 16:51:50 [main] INFO  com.tecskool.base.BasePage - Scrolling to element: By.id: iframe-card
2026-06-08 16:51:52 [main] INFO  com.tecskool.base.BasePage - Checking visibility of element: By.id: iframe-card
2026-06-08 16:51:52 [main] INFO  com.tecskool.base.BasePage - Getting text from element: By.id: iframe-title
2026-06-08 16:51:52 [main] INFO  com.tecskool.base.BasePage - Scrolling to element: By.id: wikipedia-frame
2026-06-08 16:52:01 [main] INFO  com.tecskool.tests.IFramePageTest - Image downloaded to: C:\Users\Yashna\Desktop\Selenium Antigravity\src\test\resources\downloads\500px-White_tern_%28Gygis_alba_candida%29_in_flight_Rarotonga_2.jpg
2026-06-08 16:52:06 [main] WARN  com.tecskool.tests.IFramePageTest - Attribution alert was not displayed; proceeding without it
2026-06-08 16:52:08 [main] INFO  com.tecskool.tests.IFramePageTest - testIFrameImageDownload completed successfully.
2026-06-08 16:52:08 [main] INFO  com.tecskool.base.BaseTest - Tearing down test execution...
2026-06-08 16:52:08 [main] INFO  com.tecskool.factory.DriverFactory - WebDriver quit successfully
2026-06-08 17:02:31 [main] INFO  com.tecskool.base.BaseTest - Setting up test execution...
2026-06-08 17:02:31 [main] INFO  com.tecskool.utils.ConfigReader - Loaded config.properties successfully from classpath
2026-06-08 17:02:31 [main] INFO  com.tecskool.factory.DriverFactory - Initializing WebDriver for browser: chrome
2026-06-08 17:02:33 [main] INFO  com.tecskool.factory.DriverFactory - WebDriver initialized successfully with 10 seconds implicit wait
2026-06-08 17:02:33 [main] INFO  com.tecskool.base.BaseTest - Opening URL: https://practice.tecskool.com/
2026-06-08 17:02:34 [main] INFO  com.tecskool.tests.IFramePageTest - Starting testIFrameImageDownload...
2026-06-08 17:02:34 [main] INFO  com.tecskool.base.BasePage - Typing 'learning@tecskool.com' in element: By.id: username
2026-06-08 17:02:36 [main] INFO  com.tecskool.base.BasePage - Typing 'tecskool123' in element: By.id: password
2026-06-08 17:02:38 [main] INFO  com.tecskool.base.BasePage - Clicking on element: By.id: login-button
2026-06-08 17:02:40 [main] INFO  com.tecskool.base.BasePage - Scrolling to element: By.id: iframe-card
2026-06-08 17:02:42 [main] INFO  com.tecskool.base.BasePage - Checking visibility of element: By.id: iframe-card
2026-06-08 17:02:42 [main] INFO  com.tecskool.base.BasePage - Getting text from element: By.id: iframe-title
2026-06-08 17:02:42 [main] INFO  com.tecskool.base.BasePage - Scrolling to element: By.id: wikipedia-frame
2026-06-08 17:02:46 [main] INFO  com.tecskool.tests.IFramePageTest - Clicked the image, waiting for download dialog.
2026-06-08 17:02:47 [main] INFO  com.tecskool.tests.IFramePageTest - Clicked the download button.
2026-06-08 17:02:52 [main] WARN  com.tecskool.tests.IFramePageTest - Attribution alert was not displayed within timeout; proceeding without it
2026-06-08 17:02:54 [main] INFO  com.tecskool.tests.IFramePageTest - testIFrameImageDownload completed successfully.
2026-06-08 17:02:54 [main] INFO  com.tecskool.base.BaseTest - Tearing down test execution...
2026-06-08 17:02:54 [main] INFO  com.tecskool.factory.DriverFactory - WebDriver quit successfully
2026-06-08 17:05:50 [main] INFO  com.tecskool.base.BaseTest - Setting up test execution...
2026-06-08 17:05:50 [main] INFO  com.tecskool.utils.ConfigReader - Loaded config.properties successfully from classpath
2026-06-08 17:05:50 [main] INFO  com.tecskool.factory.DriverFactory - Initializing WebDriver for browser: chrome
2026-06-08 17:05:51 [main] INFO  com.tecskool.factory.DriverFactory - WebDriver initialized successfully with 10 seconds implicit wait
2026-06-08 17:05:51 [main] INFO  com.tecskool.base.BaseTest - Opening URL: https://practice.tecskool.com/
2026-06-08 17:05:52 [main] INFO  com.tecskool.tests.IFramePageTest - Starting testIFrameImageDownload...
2026-06-08 17:05:52 [main] INFO  com.tecskool.base.BasePage - Typing 'learning@tecskool.com' in element: By.id: username
2026-06-08 17:05:55 [main] INFO  com.tecskool.base.BasePage - Typing 'tecskool123' in element: By.id: password
2026-06-08 17:05:57 [main] INFO  com.tecskool.base.BasePage - Clicking on element: By.id: login-button
2026-06-08 17:05:59 [main] INFO  com.tecskool.base.BasePage - Scrolling to element: By.id: iframe-card
2026-06-08 17:06:01 [main] INFO  com.tecskool.base.BasePage - Checking visibility of element: By.id: iframe-card
2026-06-08 17:06:01 [main] INFO  com.tecskool.base.BasePage - Getting text from element: By.id: iframe-title
2026-06-08 17:06:01 [main] INFO  com.tecskool.base.BasePage - Scrolling to element: By.id: wikipedia-frame
2026-06-08 17:06:05 [main] INFO  com.tecskool.tests.IFramePageTest - Clicked the image, waiting for download dialog.
2026-06-08 17:06:05 [main] INFO  com.tecskool.tests.IFramePageTest - Clicked the download button.
2026-06-08 17:06:11 [main] WARN  com.tecskool.tests.IFramePageTest - Attribution alert was not displayed within timeout; proceeding without it
2026-06-08 17:06:13 [main] INFO  com.tecskool.tests.IFramePageTest - testIFrameImageDownload completed successfully.
2026-06-08 17:06:13 [main] INFO  com.tecskool.base.BaseTest - Tearing down test execution...
2026-06-08 17:06:13 [main] INFO  com.tecskool.factory.DriverFactory - WebDriver quit successfully
2026-06-08 17:08:57 [main] INFO  com.tecskool.base.BaseTest - Setting up test execution...
2026-06-08 17:08:57 [main] INFO  com.tecskool.utils.ConfigReader - Loaded config.properties successfully from classpath
2026-06-08 17:08:57 [main] INFO  com.tecskool.factory.DriverFactory - Initializing WebDriver for browser: chrome
2026-06-08 17:08:58 [main] INFO  com.tecskool.factory.DriverFactory - WebDriver initialized successfully with 10 seconds implicit wait
2026-06-08 17:08:58 [main] INFO  com.tecskool.base.BaseTest - Opening URL: https://practice.tecskool.com/
2026-06-08 17:08:59 [main] INFO  com.tecskool.tests.IFramePageTest - Starting testIFrameImageDownload...
2026-06-08 17:08:59 [main] INFO  com.tecskool.base.BasePage - Typing 'learning@tecskool.com' in element: By.id: username
2026-06-08 17:09:01 [main] INFO  com.tecskool.base.BasePage - Typing 'tecskool123' in element: By.id: password
2026-06-08 17:09:03 [main] INFO  com.tecskool.base.BasePage - Clicking on element: By.id: login-button
2026-06-08 17:09:05 [main] INFO  com.tecskool.base.BasePage - Scrolling to element: By.id: iframe-card
2026-06-08 17:09:07 [main] INFO  com.tecskool.base.BasePage - Checking visibility of element: By.id: iframe-card
2026-06-08 17:09:07 [main] INFO  com.tecskool.base.BasePage - Getting text from element: By.id: iframe-title
2026-06-08 17:09:07 [main] INFO  com.tecskool.base.BasePage - Scrolling to element: By.id: wikipedia-frame
2026-06-08 17:09:11 [main] INFO  com.tecskool.tests.IFramePageTest - Clicked the image, waiting for download dialog.
2026-06-08 17:09:12 [main] INFO  com.tecskool.tests.IFramePageTest - Clicked the download button.
2026-06-08 17:09:27 [main] INFO  com.tecskool.base.BaseTest - Tearing down test execution...
2026-06-08 17:09:27 [main] INFO  com.tecskool.factory.DriverFactory - WebDriver quit successfully
2026-06-08 17:16:24 [main] INFO  com.tecskool.base.BaseTest - Setting up test execution...
2026-06-08 17:16:24 [main] INFO  com.tecskool.utils.ConfigReader - Loaded config.properties successfully from classpath
2026-06-08 17:16:24 [main] INFO  com.tecskool.factory.DriverFactory - Initializing WebDriver for browser: chrome
2026-06-08 17:16:25 [main] INFO  com.tecskool.factory.DriverFactory - WebDriver initialized successfully with 10 seconds implicit wait
2026-06-08 17:16:25 [main] INFO  com.tecskool.base.BaseTest - Opening URL: https://practice.tecskool.com/
2026-06-08 17:16:26 [main] INFO  com.tecskool.tests.IFramePageTest - Starting testIFrameImageDownload...
2026-06-08 17:16:26 [main] INFO  com.tecskool.base.BasePage - Typing 'learning@tecskool.com' in element: By.id: username
2026-06-08 17:16:28 [main] INFO  com.tecskool.base.BasePage - Typing 'tecskool123' in element: By.id: password
2026-06-08 17:16:30 [main] INFO  com.tecskool.base.BasePage - Clicking on element: By.id: login-button
2026-06-08 17:16:32 [main] INFO  com.tecskool.base.BasePage - Scrolling to element: By.id: iframe-card
2026-06-08 17:16:34 [main] INFO  com.tecskool.base.BasePage - Checking visibility of element: By.id: iframe-card
2026-06-08 17:16:34 [main] INFO  com.tecskool.base.BasePage - Getting text from element: By.id: iframe-title
2026-06-08 17:16:34 [main] INFO  com.tecskool.base.BasePage - Scrolling to element: By.id: wikipedia-frame
2026-06-08 17:16:38 [main] INFO  com.tecskool.tests.IFramePageTest - Clicked the image, waiting for download dialog.
2026-06-08 17:16:39 [main] INFO  com.tecskool.tests.IFramePageTest - Clicked the download button.
2026-06-08 17:16:44 [main] WARN  com.tecskool.tests.IFramePageTest - Attribution alert was not displayed within timeout; proceeding without it
2026-06-08 17:16:46 [main] INFO  com.tecskool.tests.IFramePageTest - testIFrameImageDownload completed successfully.
2026-06-08 17:16:46 [main] INFO  com.tecskool.base.BaseTest - Tearing down test execution...
2026-06-08 17:16:46 [main] INFO  com.tecskool.factory.DriverFactory - WebDriver quit successfully
2026-06-08 17:18:25 [main] INFO  com.tecskool.base.BaseTest - Setting up test execution...
2026-06-08 17:18:25 [main] INFO  com.tecskool.utils.ConfigReader - Loaded config.properties successfully from classpath
2026-06-08 17:18:25 [main] INFO  com.tecskool.factory.DriverFactory - Initializing WebDriver for browser: chrome
2026-06-08 17:18:26 [main] INFO  com.tecskool.factory.DriverFactory - WebDriver initialized successfully with 10 seconds implicit wait
2026-06-08 17:18:26 [main] INFO  com.tecskool.base.BaseTest - Opening URL: https://practice.tecskool.com/
2026-06-08 17:18:27 [main] INFO  com.tecskool.tests.IFramePageTest - Starting testIFrameImageDownload...
2026-06-08 17:18:27 [main] INFO  com.tecskool.base.BasePage - Typing 'learning@tecskool.com' in element: By.id: username
2026-06-08 17:18:29 [main] INFO  com.tecskool.base.BasePage - Typing 'tecskool123' in element: By.id: password
2026-06-08 17:18:31 [main] INFO  com.tecskool.base.BasePage - Clicking on element: By.id: login-button
2026-06-08 17:18:34 [main] INFO  com.tecskool.base.BasePage - Scrolling to element: By.id: iframe-card
2026-06-08 17:18:36 [main] INFO  com.tecskool.base.BasePage - Checking visibility of element: By.id: iframe-card
2026-06-08 17:18:36 [main] INFO  com.tecskool.base.BasePage - Getting text from element: By.id: iframe-title
2026-06-08 17:18:36 [main] INFO  com.tecskool.base.BasePage - Scrolling to element: By.id: wikipedia-frame
2026-06-08 17:18:40 [main] INFO  com.tecskool.tests.IFramePageTest - Clicked the image, waiting for download dialog.
2026-06-08 17:18:40 [main] INFO  com.tecskool.tests.IFramePageTest - Clicked the download button.
2026-06-08 17:18:45 [main] WARN  com.tecskool.tests.IFramePageTest - Attribution alert was not displayed within timeout; proceeding without it
2026-06-08 17:18:47 [main] INFO  com.tecskool.tests.IFramePageTest - testIFrameImageDownload completed successfully.
2026-06-08 17:18:47 [main] INFO  com.tecskool.base.BaseTest - Tearing down test execution...
2026-06-08 17:18:47 [main] INFO  com.tecskool.factory.DriverFactory - WebDriver quit successfully
2026-06-08 17:23:15 [main] INFO  com.tecskool.base.BaseTest - Setting up test execution...
2026-06-08 17:23:15 [main] INFO  com.tecskool.utils.ConfigReader - Loaded config.properties successfully from classpath
2026-06-08 17:23:15 [main] INFO  com.tecskool.factory.DriverFactory - Initializing WebDriver for browser: chrome
2026-06-08 17:23:17 [main] INFO  com.tecskool.factory.DriverFactory - WebDriver initialized successfully with 10 seconds implicit wait
2026-06-08 17:23:17 [main] INFO  com.tecskool.base.BaseTest - Opening URL: https://practice.tecskool.com/
2026-06-08 17:23:18 [main] INFO  com.tecskool.tests.IFramePageTest - Starting testIFrameImageDownload...
2026-06-08 17:23:18 [main] INFO  com.tecskool.base.BasePage - Typing 'learning@tecskool.com' in element: By.id: username
2026-06-08 17:23:20 [main] INFO  com.tecskool.base.BasePage - Typing 'tecskool123' in element: By.id: password
2026-06-08 17:23:22 [main] INFO  com.tecskool.base.BasePage - Clicking on element: By.id: login-button
2026-06-08 17:23:24 [main] INFO  com.tecskool.base.BasePage - Scrolling to element: By.id: iframe-card
2026-06-08 17:23:26 [main] INFO  com.tecskool.base.BasePage - Checking visibility of element: By.id: iframe-card
2026-06-08 17:23:26 [main] INFO  com.tecskool.base.BasePage - Getting text from element: By.id: iframe-title
2026-06-08 17:23:26 [main] INFO  com.tecskool.base.BasePage - Scrolling to element: By.id: wikipedia-frame
2026-06-08 17:23:30 [main] INFO  com.tecskool.tests.IFramePageTest - Clicked the image, waiting for download dialog.
2026-06-08 17:23:30 [main] INFO  com.tecskool.tests.IFramePageTest - Clicked the download button.
2026-06-08 17:23:35 [main] WARN  com.tecskool.tests.IFramePageTest - Attribution alert was not displayed within timeout; proceeding without it
2026-06-08 17:23:38 [main] INFO  com.tecskool.tests.IFramePageTest - testIFrameImageDownload completed successfully.
2026-06-08 17:23:38 [main] INFO  com.tecskool.base.BaseTest - Tearing down test execution...
2026-06-08 17:23:38 [main] INFO  com.tecskool.factory.DriverFactory - WebDriver quit successfully
2026-06-08 17:25:18 [main] INFO  com.tecskool.base.BaseTest - Setting up test execution...
2026-06-08 17:25:18 [main] INFO  com.tecskool.utils.ConfigReader - Loaded config.properties successfully from classpath
2026-06-08 17:25:18 [main] INFO  com.tecskool.factory.DriverFactory - Initializing WebDriver for browser: chrome
2026-06-08 17:25:19 [main] INFO  com.tecskool.factory.DriverFactory - WebDriver initialized successfully with 10 seconds implicit wait
2026-06-08 17:25:19 [main] INFO  com.tecskool.base.BaseTest - Opening URL: https://practice.tecskool.com/
2026-06-08 17:25:20 [main] INFO  com.tecskool.tests.IFramePageTest - Starting testIFrameImageDownload...
2026-06-08 17:25:20 [main] INFO  com.tecskool.base.BasePage - Typing 'learning@tecskool.com' in element: By.id: username
2026-06-08 17:25:22 [main] INFO  com.tecskool.base.BasePage - Typing 'tecskool123' in element: By.id: password
2026-06-08 17:25:24 [main] INFO  com.tecskool.base.BasePage - Clicking on element: By.id: login-button
2026-06-08 17:25:26 [main] INFO  com.tecskool.base.BasePage - Scrolling to element: By.id: iframe-card
2026-06-08 17:25:28 [main] INFO  com.tecskool.base.BasePage - Checking visibility of element: By.id: iframe-card
2026-06-08 17:25:28 [main] INFO  com.tecskool.base.BasePage - Getting text from element: By.id: iframe-title
2026-06-08 17:25:28 [main] INFO  com.tecskool.base.BasePage - Scrolling to element: By.id: wikipedia-frame
2026-06-08 17:25:32 [main] INFO  com.tecskool.tests.IFramePageTest - Clicked the image, waiting for download dialog.
2026-06-08 17:25:33 [main] INFO  com.tecskool.tests.IFramePageTest - Clicked the download button.
2026-06-08 17:25:48 [main] WARN  com.tecskool.tests.IFramePageTest - Attribution alert was not displayed within timeout; proceeding without it
2026-06-08 17:25:50 [main] INFO  com.tecskool.tests.IFramePageTest - testIFrameImageDownload completed successfully.
2026-06-08 17:25:50 [main] INFO  com.tecskool.base.BaseTest - Tearing down test execution...
2026-06-08 17:25:50 [main] INFO  com.tecskool.factory.DriverFactory - WebDriver quit successfully
2026-06-08 17:27:05 [main] INFO  com.tecskool.base.BaseTest - Setting up test execution...
2026-06-08 17:27:05 [main] INFO  com.tecskool.utils.ConfigReader - Loaded config.properties successfully from classpath
2026-06-08 17:27:05 [main] INFO  com.tecskool.factory.DriverFactory - Initializing WebDriver for browser: chrome
2026-06-08 17:27:06 [main] INFO  com.tecskool.factory.DriverFactory - WebDriver initialized successfully with 10 seconds implicit wait
2026-06-08 17:27:06 [main] INFO  com.tecskool.base.BaseTest - Opening URL: https://practice.tecskool.com/
2026-06-08 17:27:07 [main] INFO  com.tecskool.tests.IFramePageTest - Starting testIFrameImageDownload...
2026-06-08 17:27:07 [main] INFO  com.tecskool.base.BasePage - Typing 'learning@tecskool.com' in element: By.id: username
2026-06-08 17:27:09 [main] INFO  com.tecskool.base.BasePage - Typing 'tecskool123' in element: By.id: password
2026-06-08 17:27:11 [main] INFO  com.tecskool.base.BasePage - Clicking on element: By.id: login-button
2026-06-08 17:27:13 [main] INFO  com.tecskool.base.BasePage - Scrolling to element: By.id: iframe-card
2026-06-08 17:27:15 [main] INFO  com.tecskool.base.BasePage - Checking visibility of element: By.id: iframe-card
2026-06-08 17:27:15 [main] INFO  com.tecskool.base.BasePage - Getting text from element: By.id: iframe-title
2026-06-08 17:27:15 [main] INFO  com.tecskool.base.BasePage - Scrolling to element: By.id: wikipedia-frame
2026-06-08 17:27:20 [main] INFO  com.tecskool.tests.IFramePageTest - Clicked the image, waiting for download dialog.
2026-06-08 17:27:20 [main] INFO  com.tecskool.tests.IFramePageTest - Clicked the download button.
2026-06-08 17:28:42 [main] WARN  com.tecskool.tests.IFramePageTest - Attribution modal was not displayed within timeout; proceeding without it
2026-06-08 17:28:44 [main] INFO  com.tecskool.tests.IFramePageTest - testIFrameImageDownload completed successfully.
2026-06-08 17:28:44 [main] INFO  com.tecskool.base.BaseTest - Tearing down test execution...
2026-06-08 17:28:44 [main] INFO  com.tecskool.factory.DriverFactory - WebDriver quit successfully
2026-06-08 17:29:53 [main] INFO  com.tecskool.base.BaseTest - Setting up test execution...
2026-06-08 17:29:53 [main] INFO  com.tecskool.utils.ConfigReader - Loaded config.properties successfully from classpath
2026-06-08 17:29:53 [main] INFO  com.tecskool.factory.DriverFactory - Initializing WebDriver for browser: chrome
2026-06-08 17:29:55 [main] INFO  com.tecskool.factory.DriverFactory - WebDriver initialized successfully with 10 seconds implicit wait
2026-06-08 17:29:55 [main] INFO  com.tecskool.base.BaseTest - Opening URL: https://practice.tecskool.com/
2026-06-08 17:29:56 [main] INFO  com.tecskool.tests.IFramePageTest - Starting testIFrameImageDownload...
2026-06-08 17:29:56 [main] INFO  com.tecskool.base.BasePage - Typing 'learning@tecskool.com' in element: By.id: username
2026-06-08 17:29:58 [main] INFO  com.tecskool.base.BasePage - Typing 'tecskool123' in element: By.id: password
2026-06-08 17:30:00 [main] INFO  com.tecskool.base.BasePage - Clicking on element: By.id: login-button
2026-06-08 17:30:02 [main] INFO  com.tecskool.base.BasePage - Scrolling to element: By.id: iframe-card
2026-06-08 17:30:04 [main] INFO  com.tecskool.base.BasePage - Checking visibility of element: By.id: iframe-card
2026-06-08 17:30:04 [main] INFO  com.tecskool.base.BasePage - Getting text from element: By.id: iframe-title
2026-06-08 17:30:04 [main] INFO  com.tecskool.base.BasePage - Scrolling to element: By.id: wikipedia-frame
2026-06-08 17:30:09 [main] INFO  com.tecskool.tests.IFramePageTest - Clicked the image, waiting for download dialog.
2026-06-08 17:30:09 [main] INFO  com.tecskool.tests.IFramePageTest - Clicked the download button.
2026-06-08 17:30:09 [main] INFO  com.tecskool.tests.IFramePageTest - Attribution modal displayed with text: You need to attribute the author
2026-06-08 17:30:11 [main] INFO  com.tecskool.tests.IFramePageTest - testIFrameImageDownload completed successfully.
2026-06-08 17:30:11 [main] INFO  com.tecskool.base.BaseTest - Tearing down test execution...
2026-06-08 17:30:11 [main] INFO  com.tecskool.factory.DriverFactory - WebDriver quit successfully
2026-06-08 17:31:54 [main] INFO  com.tecskool.base.BaseTest - Setting up test execution...
2026-06-08 17:31:54 [main] INFO  com.tecskool.utils.ConfigReader - Loaded config.properties successfully from classpath
2026-06-08 17:31:54 [main] INFO  com.tecskool.factory.DriverFactory - Initializing WebDriver for browser: chrome
2026-06-08 17:31:56 [main] INFO  com.tecskool.factory.DriverFactory - WebDriver initialized successfully with 10 seconds implicit wait
2026-06-08 17:31:56 [main] INFO  com.tecskool.base.BaseTest - Opening URL: https://practice.tecskool.com/
2026-06-08 17:31:57 [main] INFO  com.tecskool.tests.IFramePageTest - Starting testIFrameImageDownload...
2026-06-08 17:31:57 [main] INFO  com.tecskool.base.BasePage - Typing 'learning@tecskool.com' in element: By.id: username
2026-06-08 17:31:59 [main] INFO  com.tecskool.base.BasePage - Typing 'tecskool123' in element: By.id: password
2026-06-08 17:32:01 [main] INFO  com.tecskool.base.BasePage - Clicking on element: By.id: login-button
2026-06-08 17:32:03 [main] INFO  com.tecskool.base.BasePage - Scrolling to element: By.id: iframe-card
2026-06-08 17:32:05 [main] INFO  com.tecskool.base.BasePage - Checking visibility of element: By.id: iframe-card
2026-06-08 17:32:05 [main] INFO  com.tecskool.base.BasePage - Getting text from element: By.id: iframe-title
2026-06-08 17:32:05 [main] INFO  com.tecskool.base.BasePage - Scrolling to element: By.id: wikipedia-frame
2026-06-08 17:32:09 [main] INFO  com.tecskool.tests.IFramePageTest - Clicked the image, waiting for download dialog.
2026-06-08 17:32:09 [main] INFO  com.tecskool.tests.IFramePageTest - Clicked the download button.
2026-06-08 17:32:10 [main] INFO  com.tecskool.tests.IFramePageTest - Attribution modal displayed with text: You need to attribute the author
2026-06-08 17:32:12 [main] INFO  com.tecskool.tests.IFramePageTest - testIFrameImageDownload completed successfully.
2026-06-08 17:32:12 [main] INFO  com.tecskool.base.BaseTest - Tearing down test execution...
2026-06-08 17:32:12 [main] INFO  com.tecskool.factory.DriverFactory - WebDriver quit successfully
2026-06-08 17:35:42 [main] INFO  com.tecskool.base.BaseTest - Setting up test execution...
2026-06-08 17:35:42 [main] INFO  com.tecskool.utils.ConfigReader - Loaded config.properties successfully from classpath
2026-06-08 17:35:42 [main] INFO  com.tecskool.factory.DriverFactory - Initializing WebDriver for browser: chrome
2026-06-08 17:35:43 [main] INFO  com.tecskool.factory.DriverFactory - WebDriver initialized successfully with 10 seconds implicit wait
2026-06-08 17:35:43 [main] INFO  com.tecskool.base.BaseTest - Opening URL: https://practice.tecskool.com/
2026-06-08 17:35:44 [main] INFO  com.tecskool.tests.IFramePageTest - Starting testIFrameImageDownload...
2026-06-08 17:35:44 [main] INFO  com.tecskool.base.BasePage - Typing 'learning@tecskool.com' in element: By.id: username
2026-06-08 17:35:46 [main] INFO  com.tecskool.base.BasePage - Typing 'tecskool123' in element: By.id: password
2026-06-08 17:35:48 [main] INFO  com.tecskool.base.BasePage - Clicking on element: By.id: login-button
2026-06-08 17:35:50 [main] INFO  com.tecskool.base.BasePage - Scrolling to element: By.id: iframe-card
2026-06-08 17:35:52 [main] INFO  com.tecskool.base.BasePage - Checking visibility of element: By.id: iframe-card
2026-06-08 17:35:52 [main] INFO  com.tecskool.base.BasePage - Getting text from element: By.id: iframe-title
2026-06-08 17:35:52 [main] INFO  com.tecskool.base.BasePage - Scrolling to element: By.id: wikipedia-frame
2026-06-08 17:35:56 [main] INFO  com.tecskool.tests.IFramePageTest - Clicked the image, waiting for download dialog.
2026-06-08 17:35:57 [main] INFO  com.tecskool.tests.IFramePageTest - Clicked the download button.
2026-06-08 17:35:57 [main] INFO  com.tecskool.tests.IFramePageTest - Download dialog displayed.
2026-06-08 17:35:59 [main] INFO  com.tecskool.tests.IFramePageTest - testIFrameImageDownload completed successfully.
2026-06-08 17:35:59 [main] INFO  com.tecskool.base.BaseTest - Tearing down test execution...
2026-06-08 17:35:59 [main] INFO  com.tecskool.factory.DriverFactory - WebDriver quit successfully
2026-06-08 17:53:39 [main] INFO  com.tecskool.base.BaseTest - Setting up test execution...
2026-06-08 17:53:39 [main] INFO  com.tecskool.utils.ConfigReader - Loaded config.properties successfully from classpath
2026-06-08 17:53:39 [main] INFO  com.tecskool.factory.DriverFactory - Initializing WebDriver for browser: chrome
2026-06-08 17:53:40 [main] INFO  com.tecskool.factory.DriverFactory - WebDriver initialized successfully with 10 seconds implicit wait
2026-06-08 17:53:40 [main] INFO  com.tecskool.base.BaseTest - Opening URL: https://practice.tecskool.com/
2026-06-08 17:53:41 [main] INFO  com.tecskool.tests.IFramePageTest - Starting testIFrameImageDownload...
2026-06-08 17:53:41 [main] INFO  com.tecskool.base.BasePage - Typing 'learning@tecskool.com' in element: By.id: username
2026-06-08 17:53:43 [main] INFO  com.tecskool.base.BasePage - Typing 'tecskool123' in element: By.id: password
2026-06-08 17:53:45 [main] INFO  com.tecskool.base.BasePage - Clicking on element: By.id: login-button
2026-06-08 17:53:47 [main] INFO  com.tecskool.base.BasePage - Scrolling to element: By.id: iframe-card
2026-06-08 17:53:49 [main] INFO  com.tecskool.base.BasePage - Checking visibility of element: By.id: iframe-card
2026-06-08 17:53:49 [main] INFO  com.tecskool.base.BasePage - Getting text from element: By.id: iframe-title
2026-06-08 17:53:49 [main] INFO  com.tecskool.base.BasePage - Scrolling to element: By.id: wikipedia-frame
2026-06-08 17:53:53 [main] INFO  com.tecskool.tests.IFramePageTest - Clicked the image, waiting for download dialog.
2026-06-08 17:53:53 [main] INFO  com.tecskool.base.BasePage - Clicking on element: By.cssSelector: a.mw-mmv-download-button[title='Download this file']
2026-06-08 17:53:56 [main] INFO  com.tecskool.base.BasePage - Clicked the download button inside the dialog.
2026-06-08 17:53:56 [main] INFO  com.tecskool.tests.IFramePageTest - Clicked the download button via page object.
2026-06-08 17:53:56 [main] INFO  com.tecskool.tests.IFramePageTest - Attribution header displayed with text: Attribution
2026-06-08 17:53:58 [main] INFO  com.tecskool.tests.IFramePageTest - testIFrameImageDownload completed successfully.
2026-06-08 17:53:58 [main] INFO  com.tecskool.base.BaseTest - Tearing down test execution...
2026-06-08 17:53:58 [main] INFO  com.tecskool.factory.DriverFactory - WebDriver quit successfully
2026-06-08 17:57:05 [main] INFO  com.tecskool.base.BaseTest - Setting up test execution...
2026-06-08 17:57:05 [main] INFO  com.tecskool.utils.ConfigReader - Loaded config.properties successfully from classpath
2026-06-08 17:57:05 [main] INFO  com.tecskool.factory.DriverFactory - Initializing WebDriver for browser: chrome
2026-06-08 17:57:07 [main] INFO  com.tecskool.factory.DriverFactory - WebDriver initialized successfully with 10 seconds implicit wait
2026-06-08 17:57:07 [main] INFO  com.tecskool.base.BaseTest - Opening URL: https://practice.tecskool.com/
2026-06-08 17:57:08 [main] INFO  com.tecskool.tests.IFramePageTest - Starting testIFrameImageDownload...
2026-06-08 17:57:08 [main] INFO  com.tecskool.base.BasePage - Typing 'learning@tecskool.com' in element: By.id: username
2026-06-08 17:57:10 [main] INFO  com.tecskool.base.BasePage - Typing 'tecskool123' in element: By.id: password
2026-06-08 17:57:12 [main] INFO  com.tecskool.base.BasePage - Clicking on element: By.id: login-button
2026-06-08 17:57:14 [main] INFO  com.tecskool.base.BasePage - Scrolling to element: By.id: iframe-card
2026-06-08 17:57:16 [main] INFO  com.tecskool.base.BasePage - Checking visibility of element: By.id: iframe-card
2026-06-08 17:57:16 [main] INFO  com.tecskool.base.BasePage - Getting text from element: By.id: iframe-title
2026-06-08 17:57:16 [main] INFO  com.tecskool.base.BasePage - Scrolling to element: By.id: wikipedia-frame
2026-06-08 17:57:20 [main] INFO  com.tecskool.tests.IFramePageTest - Clicked the image, waiting for download dialog.
2026-06-08 17:57:20 [main] INFO  com.tecskool.base.BasePage - Clicking on element: By.cssSelector: a.mw-mmv-download-button[title='Download this file']
2026-06-08 17:57:22 [main] INFO  com.tecskool.base.BasePage - Clicked the download button inside the dialog.
2026-06-08 17:57:22 [main] INFO  com.tecskool.tests.IFramePageTest - Clicked the download button via page object.
2026-06-08 17:57:22 [main] INFO  com.tecskool.tests.IFramePageTest - Attribution header displayed with text: Attribution
2026-06-08 17:57:24 [main] INFO  com.tecskool.tests.IFramePageTest - testIFrameImageDownload completed successfully.
2026-06-08 17:57:24 [main] INFO  com.tecskool.base.BaseTest - Tearing down test execution...
2026-06-08 17:57:24 [main] INFO  com.tecskool.factory.DriverFactory - WebDriver quit successfully
2026-06-08 17:59:52 [main] INFO  com.tecskool.base.BaseTest - Setting up test execution...
2026-06-08 17:59:52 [main] INFO  com.tecskool.utils.ConfigReader - Loaded config.properties successfully from classpath
2026-06-08 17:59:52 [main] INFO  com.tecskool.factory.DriverFactory - Initializing WebDriver for browser: chrome
2026-06-08 17:59:53 [main] INFO  com.tecskool.factory.DriverFactory - WebDriver initialized successfully with 10 seconds implicit wait
2026-06-08 17:59:53 [main] INFO  com.tecskool.base.BaseTest - Opening URL: https://practice.tecskool.com/
2026-06-08 17:59:54 [main] INFO  com.tecskool.tests.IFramePageTest - Starting testIFrameImageDownload...
2026-06-08 17:59:54 [main] INFO  com.tecskool.base.BasePage - Typing 'learning@tecskool.com' in element: By.id: username
2026-06-08 17:59:56 [main] INFO  com.tecskool.base.BasePage - Typing 'tecskool123' in element: By.id: password
2026-06-08 17:59:58 [main] INFO  com.tecskool.base.BasePage - Clicking on element: By.id: login-button
2026-06-08 18:00:00 [main] INFO  com.tecskool.base.BasePage - Scrolling to element: By.id: iframe-card
2026-06-08 18:00:02 [main] INFO  com.tecskool.base.BasePage - Checking visibility of element: By.id: iframe-card
2026-06-08 18:00:02 [main] INFO  com.tecskool.base.BasePage - Getting text from element: By.id: iframe-title
2026-06-08 18:00:02 [main] INFO  com.tecskool.base.BasePage - Scrolling to element: By.id: wikipedia-frame
2026-06-08 18:00:06 [main] INFO  com.tecskool.tests.IFramePageTest - Clicked the image, waiting for download dialog.
2026-06-08 18:00:06 [main] INFO  com.tecskool.base.BasePage - Clicking on element: By.cssSelector: a.mw-mmv-download-button[title='Download this file']
2026-06-08 18:00:09 [main] INFO  com.tecskool.base.BasePage - Clicked the download button inside the dialog.
2026-06-08 18:00:09 [main] INFO  com.tecskool.tests.IFramePageTest - Clicked the download button via page object.
2026-06-08 18:00:09 [main] INFO  com.tecskool.tests.IFramePageTest - Attribution header displayed with text: Attribution
2026-06-08 18:00:11 [main] INFO  com.tecskool.tests.IFramePageTest - testIFrameImageDownload completed successfully.
2026-06-08 18:00:11 [main] INFO  com.tecskool.base.BaseTest - Tearing down test execution...
2026-06-08 18:00:11 [main] INFO  com.tecskool.factory.DriverFactory - WebDriver quit successfully
2026-06-08 18:03:51 [main] INFO  com.tecskool.base.BaseTest - Setting up test execution...
2026-06-08 18:03:51 [main] INFO  com.tecskool.utils.ConfigReader - Loaded config.properties successfully from classpath
2026-06-08 18:03:51 [main] INFO  com.tecskool.factory.DriverFactory - Initializing WebDriver for browser: chrome
2026-06-08 18:03:52 [main] INFO  com.tecskool.factory.DriverFactory - WebDriver initialized successfully with 10 seconds implicit wait
2026-06-08 18:03:52 [main] INFO  com.tecskool.base.BaseTest - Opening URL: https://practice.tecskool.com/
2026-06-08 18:03:53 [main] INFO  com.tecskool.tests.IFramePageTest - Starting testIFrameImageDownload...
2026-06-08 18:03:53 [main] INFO  com.tecskool.base.BasePage - Typing 'learning@tecskool.com' in element: By.id: username
2026-06-08 18:03:55 [main] INFO  com.tecskool.base.BasePage - Typing 'tecskool123' in element: By.id: password
2026-06-08 18:03:57 [main] INFO  com.tecskool.base.BasePage - Clicking on element: By.id: login-button
2026-06-08 18:04:00 [main] INFO  com.tecskool.base.BasePage - Scrolling to element: By.id: iframe-card
2026-06-08 18:04:02 [main] INFO  com.tecskool.base.BasePage - Checking visibility of element: By.id: iframe-card
2026-06-08 18:04:02 [main] INFO  com.tecskool.base.BasePage - Getting text from element: By.id: iframe-title
2026-06-08 18:04:02 [main] INFO  com.tecskool.base.BasePage - Scrolling to element: By.id: wikipedia-frame
2026-06-08 18:04:06 [main] INFO  com.tecskool.base.BasePage - Clicking on element: By.xpath: //img[contains(@alt, 'Blue-billed white tern')]
2026-06-08 18:04:08 [main] INFO  com.tecskool.tests.IFramePageTest - Clicked the image, waiting for download dialog.
2026-06-08 18:04:08 [main] INFO  com.tecskool.base.BasePage - Clicking on element: By.cssSelector: a.mw-mmv-download-button[title='Download this file']
2026-06-08 18:04:10 [main] INFO  com.tecskool.base.BasePage - Clicked the download button inside the dialog.
2026-06-08 18:04:10 [main] INFO  com.tecskool.tests.IFramePageTest - Clicked the download button via page object.
2026-06-08 18:04:10 [main] INFO  com.tecskool.tests.IFramePageTest - Attribution header displayed with text: Attribution
2026-06-08 18:04:12 [main] INFO  com.tecskool.tests.IFramePageTest - testIFrameImageDownload completed successfully.
2026-06-08 18:04:12 [main] INFO  com.tecskool.base.BaseTest - Tearing down test execution...
2026-06-08 18:04:12 [main] INFO  com.tecskool.factory.DriverFactory - WebDriver quit successfully
2026-06-08 18:04:27 [main] INFO  com.tecskool.base.BaseTest - Setting up test execution...
2026-06-08 18:04:27 [main] INFO  com.tecskool.utils.ConfigReader - Loaded config.properties successfully from classpath
2026-06-08 18:04:27 [main] INFO  com.tecskool.factory.DriverFactory - Initializing WebDriver for browser: chrome
2026-06-08 18:04:29 [main] INFO  com.tecskool.factory.DriverFactory - WebDriver initialized successfully with 10 seconds implicit wait
2026-06-08 18:04:29 [main] INFO  com.tecskool.base.BaseTest - Opening URL: https://practice.tecskool.com/
2026-06-08 18:04:30 [main] INFO  com.tecskool.tests.IFramePageTest - Starting testIFrameImageDownload...
2026-06-08 18:04:30 [main] INFO  com.tecskool.base.BasePage - Typing 'learning@tecskool.com' in element: By.id: username
2026-06-08 18:04:32 [main] INFO  com.tecskool.base.BasePage - Typing 'tecskool123' in element: By.id: password
2026-06-08 18:04:34 [main] INFO  com.tecskool.base.BasePage - Clicking on element: By.id: login-button
2026-06-08 18:04:36 [main] INFO  com.tecskool.base.BasePage - Scrolling to element: By.id: iframe-card
2026-06-08 18:04:38 [main] INFO  com.tecskool.base.BasePage - Checking visibility of element: By.id: iframe-card
2026-06-08 18:04:38 [main] INFO  com.tecskool.base.BasePage - Getting text from element: By.id: iframe-title
2026-06-08 18:04:38 [main] INFO  com.tecskool.base.BasePage - Scrolling to element: By.id: wikipedia-frame
2026-06-08 18:04:42 [main] INFO  com.tecskool.base.BasePage - Clicking on element: By.xpath: //img[contains(@alt, 'Blue-billed white tern')]
2026-06-08 18:04:44 [main] INFO  com.tecskool.tests.IFramePageTest - Clicked the image, waiting for download dialog.
2026-06-08 18:04:44 [main] INFO  com.tecskool.base.BasePage - Clicking on element: By.cssSelector: a.mw-mmv-download-button[title='Download this file']
2026-06-08 18:04:46 [main] INFO  com.tecskool.base.BasePage - Clicked the download button inside the dialog.
2026-06-08 18:04:46 [main] INFO  com.tecskool.tests.IFramePageTest - Clicked the download button via page object.
2026-06-08 18:04:46 [main] INFO  com.tecskool.tests.IFramePageTest - Attribution header displayed with text: Attribution
2026-06-08 18:04:48 [main] INFO  com.tecskool.tests.IFramePageTest - testIFrameImageDownload completed successfully.
2026-06-08 18:04:48 [main] INFO  com.tecskool.base.BaseTest - Tearing down test execution...
2026-06-08 18:04:48 [main] INFO  com.tecskool.factory.DriverFactory - WebDriver quit successfully
